-- MySQL dump 10.13  Distrib 5.7.21, for Linux (x86_64)
--
-- Host: localhost    Database: expo_ludica_db
-- ------------------------------------------------------
-- Server version	5.7.21-0ubuntu0.16.04.1

/*!40101 SET @OLD_CHARACTER_SET_CLIENT=@@CHARACTER_SET_CLIENT */;
/*!40101 SET @OLD_CHARACTER_SET_RESULTS=@@CHARACTER_SET_RESULTS */;
/*!40101 SET @OLD_COLLATION_CONNECTION=@@COLLATION_CONNECTION */;
/*!40101 SET NAMES utf8 */;
/*!40103 SET @OLD_TIME_ZONE=@@TIME_ZONE */;
/*!40103 SET TIME_ZONE='+00:00' */;
/*!40014 SET @OLD_UNIQUE_CHECKS=@@UNIQUE_CHECKS, UNIQUE_CHECKS=0 */;
/*!40014 SET @OLD_FOREIGN_KEY_CHECKS=@@FOREIGN_KEY_CHECKS, FOREIGN_KEY_CHECKS=0 */;
/*!40101 SET @OLD_SQL_MODE=@@SQL_MODE, SQL_MODE='NO_AUTO_VALUE_ON_ZERO' */;
/*!40111 SET @OLD_SQL_NOTES=@@SQL_NOTES, SQL_NOTES=0 */;

--
-- Table structure for table `answer_points`
--

DROP TABLE IF EXISTS `answer_points`;
/*!40101 SET @saved_cs_client     = @@character_set_client */;
/*!40101 SET character_set_client = utf8 */;
CREATE TABLE `answer_points` (
  `id` int(11) NOT NULL AUTO_INCREMENT,
  `points` int(11) DEFAULT NULL,
  `name` varchar(45) DEFAULT NULL,
  PRIMARY KEY (`id`)
) ENGINE=InnoDB AUTO_INCREMENT=3 DEFAULT CHARSET=big5;
/*!40101 SET character_set_client = @saved_cs_client */;

--
-- Dumping data for table `answer_points`
--

LOCK TABLES `answer_points` WRITE;
/*!40000 ALTER TABLE `answer_points` DISABLE KEYS */;
INSERT INTO `answer_points` VALUES (1,10,'correct'),(2,0,'incorrect');
/*!40000 ALTER TABLE `answer_points` ENABLE KEYS */;
UNLOCK TABLES;

--
-- Table structure for table `app_parameter`
--

DROP TABLE IF EXISTS `app_parameter`;
/*!40101 SET @saved_cs_client     = @@character_set_client */;
/*!40101 SET character_set_client = utf8 */;
CREATE TABLE `app_parameter` (
  `id` int(11) NOT NULL AUTO_INCREMENT,
  `key` varchar(255) NOT NULL,
  `value` mediumtext NOT NULL,
  PRIMARY KEY (`id`)
) ENGINE=InnoDB AUTO_INCREMENT=19 DEFAULT CHARSET=big5;
/*!40101 SET character_set_client = @saved_cs_client */;

--
-- Dumping data for table `app_parameter`
--

LOCK TABLES `app_parameter` WRITE;
/*!40000 ALTER TABLE `app_parameter` DISABLE KEYS */;
INSERT INTO `app_parameter` VALUES (1,'MAX_QUESTIONS','7'),(2,'CORRECT_ANSWER_TEXT','Respuesta correcta!'),(3,'INCORRECT_ANSWER_TEXT','Respuesta Incorrecta!'),(4,'LEVELS_BEGINNER_TEXT','Principiante'),(5,'LEVELS_BEGINNER_LEGEND','Ten&eacute;s que seguir practicando!'),(6,'LEVELS_INTERMEDIATE_TEXT','Intermedio'),(7,'LEVELS_INTERMEDIATE_LEGEND','Buen Trabajo...pero pod&eacute;s mejorar!'),(8,'LEVELS_EXPERT_TEXT','Experto'),(9,'LEVELS_EXPERT_LEGEND','Seguro qu&eacute; no sos un astr&oacute;nomo?'),(10,'BADGES_BEGINNER_LEGEND','Ganaste la insignia de principiante </br> &iquest;te anim&aacute;s a ganar la siguiente?'),(11,'BADGES_INTERMEDIATE_LEGEND','&iexcl;Buen Trabajo, ganaste la insignia intermedia! </br> Demostraste que ya pod&eacute;s identificar algunas runaway stars </br> ...pero todavia pod&eacute;s mejorar!'),(12,'BADGES_EXPERT_LEGEND','Ganaste la insignia de experto! </br> &iquest;Seguro qu&eacute; no sos un astr&oacute;nomo?'),(13,'BADGES_BEGINNER_BADGE','beginner_badge.png'),(14,'BADGES_INTERMEDIATE_BADGE','intermediate_badge.png'),(15,'BADGES_EXPERT_BADGE','expert_badge.png'),(16,'MINIMUM_PERCENTAGE_INTERMEDIATE_LEVEL','50'),(17,'MINIMUM_PERCENTAGE_EXPERT_LEVEL','80'),(18,'SHOW_USER_SESSION','0');
/*!40000 ALTER TABLE `app_parameter` ENABLE KEYS */;
UNLOCK TABLES;

--
-- Table structure for table `fos_user`
--

DROP TABLE IF EXISTS `fos_user`;
/*!40101 SET @saved_cs_client     = @@character_set_client */;
/*!40101 SET character_set_client = utf8 */;
CREATE TABLE `fos_user` (
  `id` int(11) NOT NULL AUTO_INCREMENT,
  `username` varchar(180) NOT NULL,
  `password` varchar(255) NOT NULL,
  `username_canonical` varchar(180) NOT NULL,
  `email` varchar(180) NOT NULL,
  `email_canonical` varchar(180) NOT NULL,
  `enabled` tinyint(1) NOT NULL,
  `salt` varchar(255) NOT NULL,
  `last_login` datetime DEFAULT NULL,
  `locked` tinyint(1) NOT NULL,
  `expired` tinyint(1) NOT NULL,
  `expires_at` datetime DEFAULT NULL,
  `confirmation_token` varchar(255) DEFAULT NULL,
  `password_requested_at` datetime DEFAULT NULL,
  `roles` longtext NOT NULL COMMENT '(DC2Type:array)',
  `credentials_expired` tinyint(1) NOT NULL,
  `credentials_expire_at` datetime DEFAULT NULL,
  PRIMARY KEY (`id`),
  UNIQUE KEY `UNIQ_957A647992FC23A8` (`username_canonical`),
  UNIQUE KEY `UNIQ_957A6479A0D96FBF` (`email_canonical`)
) ENGINE=InnoDB AUTO_INCREMENT=2 DEFAULT CHARSET=big5;
/*!40101 SET character_set_client = @saved_cs_client */;

--
-- Dumping data for table `fos_user`
--

LOCK TABLES `fos_user` WRITE;
/*!40000 ALTER TABLE `fos_user` DISABLE KEYS */;
INSERT INTO `fos_user` VALUES (1,'admin','$2y$13$j9xuyx2bhcg8s00o4s488u3IuJGlr5987r3snZk1NIUB1CtCBA9Xy','admin','admin@admin','admin@admin',1,'j9xuyx2bhcg8s00o4s4880wcw000o40','2017-02-25 15:42:13',0,0,NULL,NULL,NULL,'a:1:{i:0;s:16:\"ROLE_SUPER_ADMIN\";}',0,NULL);
/*!40000 ALTER TABLE `fos_user` ENABLE KEYS */;
UNLOCK TABLES;

--
-- Table structure for table `gamification_type`
--

DROP TABLE IF EXISTS `gamification_type`;
/*!40101 SET @saved_cs_client     = @@character_set_client */;
/*!40101 SET character_set_client = utf8 */;
CREATE TABLE `gamification_type` (
  `id` int(11) NOT NULL AUTO_INCREMENT,
  `name` varchar(255) COLLATE utf8_unicode_ci NOT NULL,
  `description` varchar(255) COLLATE utf8_unicode_ci DEFAULT NULL,
  `gamification_type_balance` int(11) NOT NULL,
  PRIMARY KEY (`id`)
) ENGINE=InnoDB AUTO_INCREMENT=5 DEFAULT CHARSET=utf8 COLLATE=utf8_unicode_ci;
/*!40101 SET character_set_client = @saved_cs_client */;

--
-- Dumping data for table `gamification_type`
--

LOCK TABLES `gamification_type` WRITE;
/*!40000 ALTER TABLE `gamification_type` DISABLE KEYS */;
INSERT INTO `gamification_type` VALUES (1,'badges',NULL,50),(2,'levels',NULL,0),(3,'none',NULL,0),(4,'points',NULL,50);
/*!40000 ALTER TABLE `gamification_type` ENABLE KEYS */;
UNLOCK TABLES;

--
-- Table structure for table `image`
--

DROP TABLE IF EXISTS `image`;
/*!40101 SET @saved_cs_client     = @@character_set_client */;
/*!40101 SET character_set_client = utf8 */;
CREATE TABLE `image` (
  `id` int(11) NOT NULL AUTO_INCREMENT,
  `is_correct` tinyint(4) NOT NULL,
  `marked_heat_image_path` varchar(255) DEFAULT NULL,
  `marked_hsv_image_path` varchar(255) DEFAULT NULL,
  `cool_image_path` varchar(255) NOT NULL,
  `rgb_image_path` varchar(255) NOT NULL,
  `heat_image_path` varchar(255) NOT NULL,
  `hsv_image_path` varchar(255) NOT NULL,
  `marked_cool_image_path` varchar(255) DEFAULT NULL,
  `marked_rgb_image_path` varchar(255) DEFAULT NULL,
  PRIMARY KEY (`id`)
) ENGINE=InnoDB AUTO_INCREMENT=303 DEFAULT CHARSET=big5;
/*!40101 SET character_set_client = @saved_cs_client */;

--
-- Dumping data for table `image`
--

LOCK TABLES `image` WRITE;
/*!40000 ALTER TABLE `image` DISABLE KEYS */;
INSERT INTO `image` VALUES (229,0,NULL,NULL,'HIP505-w4-Cool-pow-99.5.jpg','HIP505-rgb.jpg','HIP505-w4-Heat-pow-99.5.jpg','HIP505-w4-Hsv-pow-99.5.jpg',NULL,NULL),(230,0,NULL,NULL,'HIP14969-w4-Cool-pow-99.5.jpg','HIP14969-rgb.jpg','HIP14969-w4-Heat-pow-99.5.jpg','HIP14969-w4-Hsv-pow-99.5.jpg',NULL,NULL),(231,0,NULL,NULL,'HIP29201-w4-Cool-pow-99.5.jpg','HIP29201-rgb.jpg','HIP29201-w4-Heat-pow-99.5.jpg','HIP29201-w4-Hsv-pow-99.5.jpg',NULL,NULL),(232,0,NULL,NULL,'HIP92133-w4-Cool-pow-99.5.jpg','HIP92133-rgb.jpg','HIP92133-w4-Heat-pow-99.5.jpg','HIP92133-w4-Hsv-pow-99.5.jpg',NULL,NULL),(233,0,NULL,NULL,'HIP398-w4-Cool-pow-99.5.jpg','HIP398-rgb.jpg','HIP398-w4-Heat-pow-99.5.jpg','HIP398-w4-Hsv-pow-99.5.jpg',NULL,NULL),(234,0,NULL,NULL,'HIP14969-w4-Cool-pow-99.5.jpg','HIP14969-rgb.jpg','HIP14969-w4-Heat-pow-99.5.jpg','HIP14969-w4-Hsv-pow-99.5.jpg',NULL,NULL),(235,0,NULL,NULL,'HIP29201-w4-Cool-pow-99.5.jpg','HIP29201-rgb.jpg','HIP29201-w4-Heat-pow-99.5.jpg','HIP29201-w4-Hsv-pow-99.5.jpg',NULL,NULL),(236,0,NULL,NULL,'HIP48730-w4-Cool-pow-99.5.jpg','HIP48730-rgb.jpg','HIP48730-w4-Heat-pow-99.5.jpg','HIP48730-w4-Hsv-pow-99.5.jpg',NULL,NULL),(237,0,NULL,NULL,'HIP61958-w4-Cool-pow-99.5.jpg','HIP61958-rgb.jpg','HIP61958-w4-Heat-pow-99.5.jpg','HIP61958-w4-Hsv-pow-99.5.jpg',NULL,NULL),(238,0,NULL,NULL,'HIP99303-w4-Cool-pow-99.5.jpg','HIP99303-rgb.jpg','HIP99303-w4-Heat-pow-99.5.jpg','HIP99303-w4-Hsv-pow-99.5.jpg',NULL,NULL),(239,0,NULL,NULL,'HIP110386-w4-Cool-pow-99.5.jpg','HIP110386-rgb.jpg','HIP110386-w4-Heat-pow-99.5.jpg','HIP110386-w4-Hsv-pow-99.5.jpg',NULL,NULL),(240,0,NULL,NULL,'HIP114482-w4-Cool-pow-99.5.jpg','HIP114482-rgb.jpg','HIP114482-w4-Heat-pow-99.5.jpg','HIP114482-w4-Hsv-pow-99.5.jpg',NULL,NULL),(241,0,NULL,NULL,'HIP3013-w4-Cool-pow-99.5.jpg','HIP3013-rgb.jpg','HIP3013-w4-Heat-pow-99.5.jpg','HIP3013-w4-Hsv-pow-99.5.jpg',NULL,NULL),(242,0,NULL,NULL,'HIP4532-w4-Cool-pow-99.5.jpg','HIP4532-rgb.jpg','HIP4532-w4-Heat-pow-99.5.jpg','HIP4532-w4-Hsv-pow-99.5.jpg',NULL,NULL),(243,0,NULL,NULL,'HIP11792-w4-Cool-pow-99.5.jpg','HIP11792-rgb.jpg','HIP11792-w4-Heat-pow-99.5.jpg','HIP11792-w4-Hsv-pow-99.5.jpg',NULL,NULL),(244,0,NULL,NULL,'HIP26064-w4-Cool-pow-99.5.jpg','HIP26064-rgb.jpg','HIP26064-w4-Heat-pow-99.5.jpg','HIP26064-w4-Hsv-pow-99.5.jpg',NULL,NULL),(245,0,NULL,NULL,'HIP31878-w4-Cool-pow-99.5.jpg','HIP31878-rgb.jpg','HIP31878-w4-Heat-pow-99.5.jpg','HIP31878-w4-Hsv-pow-99.5.jpg',NULL,NULL),(246,0,NULL,NULL,'HIP48715-w4-Cool-pow-99.5.jpg','HIP48715-rgb.jpg','HIP48715-w4-Heat-pow-99.5.jpg','HIP48715-w4-Hsv-pow-99.5.jpg',NULL,NULL),(247,0,NULL,NULL,'HIP52849-w4-Cool-pow-99.5.jpg','HIP52849-rgb.jpg','HIP52849-w4-Heat-pow-99.5.jpg','HIP52849-w4-Hsv-pow-99.5.jpg',NULL,NULL),(248,0,NULL,NULL,'HIP70877-w4-Cool-pow-99.5.jpg','HIP70877-rgb.jpg','HIP70877-w4-Heat-pow-99.5.jpg','HIP70877-w4-Hsv-pow-99.5.jpg',NULL,NULL),(249,0,NULL,NULL,'HIP81100-w4-Cool-pow-99.5.jpg','HIP81100-rgb.jpg','HIP81100-w4-Heat-pow-99.5.jpg','HIP81100-w4-Hsv-pow-99.5.jpg',NULL,NULL),(250,0,NULL,NULL,'HIP85885-w4-Cool-pow-99.5.jpg','HIP85885-rgb.jpg','HIP85885-w4-Heat-pow-99.5.jpg','HIP85885-w4-Hsv-pow-99.5.jpg',NULL,NULL),(251,0,NULL,NULL,'HIP505-w3-Cool-pow-99.5.jpg','HIP505-rgb.jpg','HIP505-w3-Heat-pow-99.5.jpg','HIP505-w3-Hsv-pow-99.5.jpg',NULL,NULL),(252,0,NULL,NULL,'HIP14969-w3-Cool-pow-99.5.jpg','HIP14969-rgb.jpg','HIP14969-w3-Heat-pow-99.5.jpg','HIP14969-w3-Hsv-pow-99.5.jpg',NULL,NULL),(253,0,NULL,NULL,'HIP29201-w3-Cool-pow-99.5.jpg','HIP29201-rgb.jpg','HIP29201-w3-Heat-pow-99.5.jpg','HIP29201-w3-Hsv-pow-99.5.jpg',NULL,NULL),(254,0,NULL,NULL,'HIP92133-w3-Cool-pow-99.5.jpg','HIP92133-rgb.jpg','HIP92133-w3-Heat-pow-99.5.jpg','HIP92133-w3-Hsv-pow-99.5.jpg',NULL,NULL),(255,0,NULL,NULL,'HIP398-w3-Cool-pow-99.5.jpg','HIP398-rgb.jpg','HIP398-w3-Heat-pow-99.5.jpg','HIP398-w3-Hsv-pow-99.5.jpg',NULL,NULL),(256,0,NULL,NULL,'HIP14969-w3-Cool-pow-99.5.jpg','HIP14969-rgb.jpg','HIP14969-w3-Heat-pow-99.5.jpg','HIP14969-w3-Hsv-pow-99.5.jpg',NULL,NULL),(257,0,NULL,NULL,'HIP29201-w3-Cool-pow-99.5.jpg','HIP29201-rgb.jpg','HIP29201-w3-Heat-pow-99.5.jpg','HIP29201-w3-Hsv-pow-99.5.jpg',NULL,NULL),(258,0,NULL,NULL,'HIP48730-w3-Cool-pow-99.5.jpg','HIP48730-rgb.jpg','HIP48730-w3-Heat-pow-99.5.jpg','HIP48730-w3-Hsv-pow-99.5.jpg',NULL,NULL),(259,0,NULL,NULL,'HIP61958-w3-Cool-pow-99.5.jpg','HIP61958-rgb.jpg','HIP61958-w3-Heat-pow-99.5.jpg','HIP61958-w3-Hsv-pow-99.5.jpg',NULL,NULL),(260,0,NULL,NULL,'HIP99303-w3-Cool-pow-99.5.jpg','HIP99303-rgb.jpg','HIP99303-w3-Heat-pow-99.5.jpg','HIP99303-w3-Hsv-pow-99.5.jpg',NULL,NULL),(261,0,NULL,NULL,'HIP110386-w3-Cool-pow-99.5.jpg','HIP110386-rgb.jpg','HIP110386-w3-Heat-pow-99.5.jpg','HIP110386-w3-Hsv-pow-99.5.jpg',NULL,NULL),(262,0,NULL,NULL,'HIP114482-w3-Cool-pow-99.5.jpg','HIP114482-rgb.jpg','HIP114482-w3-Heat-pow-99.5.jpg','HIP114482-w3-Hsv-pow-99.5.jpg',NULL,NULL),(263,0,NULL,NULL,'HIP3013-w3-Cool-pow-99.5.jpg','HIP3013-rgb.jpg','HIP3013-w3-Heat-pow-99.5.jpg','HIP3013-w3-Hsv-pow-99.5.jpg',NULL,NULL),(264,0,NULL,NULL,'HIP4532-w3-Cool-pow-99.5.jpg','HIP4532-rgb.jpg','HIP4532-w3-Heat-pow-99.5.jpg','HIP4532-w3-Hsv-pow-99.5.jpg',NULL,NULL),(265,0,NULL,NULL,'HIP11792-w3-Cool-pow-99.5.jpg','HIP11792-rgb.jpg','HIP11792-w3-Heat-pow-99.5.jpg','HIP11792-w3-Hsv-pow-99.5.jpg',NULL,NULL),(266,0,NULL,NULL,'HIP26064-w3-Cool-pow-99.5.jpg','HIP26064-rgb.jpg','HIP26064-w3-Heat-pow-99.5.jpg','HIP26064-w3-Hsv-pow-99.5.jpg',NULL,NULL),(267,0,NULL,NULL,'HIP31878-w3-Cool-pow-99.5.jpg','HIP31878-rgb.jpg','HIP31878-w3-Heat-pow-99.5.jpg','HIP31878-w3-Hsv-pow-99.5.jpg',NULL,NULL),(268,0,NULL,NULL,'HIP48715-w3-Cool-pow-99.5.jpg','HIP48715-rgb.jpg','HIP48715-w3-Heat-pow-99.5.jpg','HIP48715-w3-Hsv-pow-99.5.jpg',NULL,NULL),(269,0,NULL,NULL,'HIP52849-w3-Cool-pow-99.5.jpg','HIP52849-rgb.jpg','HIP52849-w3-Heat-pow-99.5.jpg','HIP52849-w3-Hsv-pow-99.5.jpg',NULL,NULL),(270,0,NULL,NULL,'HIP70877-w3-Cool-pow-99.5.jpg','HIP70877-rgb.jpg','HIP70877-w3-Heat-pow-99.5.jpg','HIP70877-w3-Hsv-pow-99.5.jpg',NULL,NULL),(271,0,NULL,NULL,'HIP81100-w3-Cool-pow-99.5.jpg','HIP81100-rgb.jpg','HIP81100-w3-Heat-pow-99.5.jpg','HIP81100-w3-Hsv-pow-99.5.jpg',NULL,NULL),(272,0,NULL,NULL,'HIP85885-w3-Cool-pow-99.5.jpg','HIP85885-rgb.jpg','HIP85885-w3-Heat-pow-99.5.jpg','HIP85885-w3-Hsv-pow-99.5.jpg',NULL,NULL),(273,1,NULL,NULL,'HIP2036-w4-Cool-pow-99.5.jpg','HIP2036-rgb.jpg','HIP2036-w4-Heat-pow-99.5.jpg','HIP2036-w4-Hsv-pow-99.5.jpg',NULL,NULL),(274,1,NULL,NULL,'HIP2599-w4-Cool-pow-99.5.jpg','HIP2599-rgb.jpg','HIP2599-w4-Heat-pow-99.5.jpg','HIP2599-w4-Hsv-pow-99.5.jpg',NULL,NULL),(275,1,NULL,NULL,'HIP11891-w4-Cool-pow-99.5.jpg','HIP11891-rgb.jpg','HIP11891-w4-Heat-pow-99.5.jpg','HIP11891-w4-Hsv-pow-99.5.jpg',NULL,NULL),(276,1,NULL,NULL,'HIP16518-w4-Cool-pow-99.5.jpg','HIP16518-rgb.jpg','HIP16518-w4-Heat-pow-99.5.jpg','HIP16518-w4-Hsv-pow-99.5.jpg',NULL,NULL),(277,1,NULL,NULL,'HIP22783-w4-Cool-pow-99.5.jpg','HIP22783-rgb.jpg','HIP22783-w4-Heat-pow-99.5.jpg','HIP22783-w4-Hsv-pow-99.5.jpg',NULL,NULL),(278,1,NULL,NULL,'HIP24575-w4-Cool-pow-99.5.jpg','HIP24575-rgb.jpg','HIP24575-w4-Heat-pow-99.5.jpg','HIP24575-w4-Hsv-pow-99.5.jpg',NULL,NULL),(279,1,NULL,NULL,'HIP25923-w4-Cool-pow-99.5.jpg','HIP25923-rgb.jpg','HIP25923-w4-Heat-pow-99.5.jpg','HIP25923-w4-Hsv-pow-99.5.jpg',NULL,NULL),(280,1,NULL,NULL,'HIP28881-w4-Cool-pow-99.5.jpg','HIP28881-rgb.jpg','HIP28881-w4-Heat-pow-99.5.jpg','HIP28881-w4-Hsv-pow-99.5.jpg',NULL,NULL),(281,1,NULL,NULL,'HIP29276-w4-Cool-pow-99.5.jpg','HIP29276-rgb.jpg','HIP29276-w4-Heat-pow-99.5.jpg','HIP29276-w4-Hsv-pow-99.5.jpg',NULL,NULL),(282,1,NULL,NULL,'HIP31766-w4-Cool-pow-99.5.jpg','HIP31766-rgb.jpg','HIP31766-w4-Heat-pow-99.5.jpg','HIP31766-w4-Hsv-pow-99.5.jpg',NULL,NULL),(283,1,NULL,NULL,'HIP32067-w4-Cool-pow-99.5.jpg','HIP32067-rgb.jpg','HIP32067-w4-Heat-pow-99.5.jpg','HIP32067-w4-Hsv-pow-99.5.jpg',NULL,NULL),(284,1,'marked/HIP34536-w4-Heat-pow-99.5_m.gif','marked/HIP34536-w4-Hsv-pow-99.5_m.gif','HIP34536-w4-Cool-pow-99.5.jpg','HIP34536-rgb.jpg','HIP34536-w4-Heat-pow-99.5.jpg','HIP34536-w4-Hsv-pow-99.5.jpg','marked/HIP34536-w4-Cool-pow-99.5_m.gif','marked/HIP34536-rgb_m.gif'),(285,1,NULL,NULL,'HIP38430-w4-Cool-pow-99.5.jpg','HIP38430-rgb.jpg','HIP38430-w4-Heat-pow-99.5.jpg','HIP38430-w4-Hsv-pow-99.5.jpg',NULL,NULL),(286,1,NULL,NULL,'HIP62322-w4-Cool-pow-99.5.jpg','HIP62322-rgb.jpg','HIP62322-w4-Heat-pow-99.5.jpg','HIP62322-w4-Hsv-pow-99.5.jpg',NULL,NULL),(287,1,NULL,NULL,'HIP72510-w4-Cool-pow-99.5.jpg','HIP72510-rgb.jpg','HIP72510-w4-Heat-pow-99.5.jpg','HIP72510-w4-Hsv-pow-99.5.jpg',NULL,NULL),(288,1,NULL,NULL,'HIP75095-w4-Cool-pow-99.5.jpg','HIP75095-rgb.jpg','HIP75095-w4-Heat-pow-99.5.jpg','HIP75095-w4-Hsv-pow-99.5.jpg',NULL,NULL),(289,1,NULL,NULL,'HIP77391-w4-Cool-pow-99.5.jpg','HIP77391-rgb.jpg','HIP77391-w4-Heat-pow-99.5.jpg','HIP77391-w4-Hsv-pow-99.5.jpg',NULL,NULL),(290,1,NULL,NULL,'HIP81377-w4-Cool-pow-99.5.jpg','HIP81377-rgb.jpg','HIP81377-w4-Heat-pow-99.5.jpg','HIP81377-w4-Hsv-pow-99.5.jpg',NULL,NULL),(292,1,NULL,NULL,'HIP101186-w4-Cool-pow-99.5.jpg','HIP101186-rgb.jpg','HIP101186-w4-Heat-pow-99.5.jpg','HIP101186-w4-Hsv-pow-99.5.jpg',NULL,NULL),(293,1,'marked/bd433654-w4-Heat-pow-99.5_m.gif','marked/bd433654-w4-Hsv-pow-99.5_m.gif','bd433654-w4-Cool-pow-99.5.jpg','bd433654-rgb.jpg','bd433654-w4-Heat-pow-99.5.jpg','bd433654-w4-Hsv-pow-99.5.jpg','marked/bd433654-w4-Cool-pow-99.5_m.gif','marked/bd433654-rgb_m.gif'),(294,1,NULL,NULL,'HIP114990-w4-Cool-pow-99.5.jpg','HIP114990-rgb.jpg','HIP114990-w4-Heat-pow-99.5.jpg','HIP114990-w4-Hsv-pow-99.5.jpg',NULL,NULL),(295,1,NULL,NULL,'bd433654-w3-Cool-pow-99.5.jpg','bd433654-rgb.jpg','bd433654-w3-Heat-pow-99.5.jpg','bd433654-w3-Hsv-pow-99.5.jpg',NULL,NULL),(297,1,NULL,NULL,'HIP11891-w3-Cool-pow-99.5.jpg','HIP11891-rgb.jpg','HIP11891-w3-Heat-pow-99.5.jpg','HIP11891-w3-Hsv-pow-99.5.jpg',NULL,NULL),(298,1,'marked/HIP24575-w3-Heat-pow-99.5_m.gif','marked/HIP24575-w3-Hsv-pow-99.5_m.gif','HIP24575-w3-Cool-pow-99.5.jpg','HIP24575-rgb.jpg','HIP24575-w3-Heat-pow-99.5.jpg','HIP24575-w3-Hsv-pow-99.5.jpg','marked/HIP24575-w3-Cool-pow-99.5_m.gif','marked/HIP24575-rgb_m.gif'),(299,1,NULL,NULL,'HIP31766-w3-Cool-pow-99.5.jpg','HIP31766-rgb.jpg','HIP31766-w3-Heat-pow-99.5.jpg','HIP31766-w3-Hsv-pow-99.5.jpg',NULL,NULL),(300,1,NULL,NULL,'HIP32067-w3-Cool-pow-99.5.jpg','HIP32067-rgb.jpg','HIP32067-w3-Heat-pow-99.5.jpg','HIP32067-w3-Hsv-pow-99.5.jpg',NULL,NULL),(301,1,NULL,NULL,'HIP38430-w3-Cool-pow-99.5.jpg','HIP38430-rgb.jpg','HIP38430-w3-Heat-pow-99.5.jpg','HIP38430-w3-Hsv-pow-99.5.jpg',NULL,NULL),(302,1,NULL,NULL,'HIP81377-w3-Cool-pow-99.5.jpg','HIP81377-rgb.jpg','HIP81377-w3-Heat-pow-99.5.jpg','HIP81377-w3-Hsv-pow-99.5.jpg',NULL,NULL);
/*!40000 ALTER TABLE `image` ENABLE KEYS */;
UNLOCK TABLES;

--
-- Table structure for table `participant`
--

DROP TABLE IF EXISTS `participant`;
/*!40101 SET @saved_cs_client     = @@character_set_client */;
/*!40101 SET character_set_client = utf8 */;
CREATE TABLE `participant` (
  `id` int(11) NOT NULL AUTO_INCREMENT,
  `name` varchar(255) NOT NULL,
  `age` int(11) DEFAULT NULL,
  `ocupation` varchar(45) DEFAULT NULL,
  `zooniverse_username` varchar(100) DEFAULT NULL,
  PRIMARY KEY (`id`)
) ENGINE=InnoDB AUTO_INCREMENT=55 DEFAULT CHARSET=big5;
/*!40101 SET character_set_client = @saved_cs_client */;

--
-- Dumping data for table `participant`
--

LOCK TABLES `participant` WRITE;
/*!40000 ALTER TABLE `participant` DISABLE KEYS */;
INSERT INTO `participant` VALUES (1,'usuario1',NULL,NULL,NULL),(2,'usuario2',NULL,NULL,NULL),(3,'usuario3',NULL,NULL,NULL),(4,'usuario4',NULL,NULL,NULL),(5,'usuario5',NULL,NULL,NULL),(6,'usuario6',NULL,NULL,NULL),(7,'usuario7',NULL,NULL,NULL),(8,'usuario8',NULL,NULL,NULL),(9,'usuario9',NULL,NULL,NULL),(10,'usuario10',NULL,NULL,NULL),(11,'usuario11',NULL,NULL,NULL),(12,'usuario12',NULL,NULL,NULL),(13,'usuario13',NULL,NULL,NULL),(14,'usuario14',NULL,NULL,NULL),(15,'usuario15',NULL,NULL,NULL),(16,'usuario16',NULL,NULL,NULL),(17,'usuario17',NULL,NULL,NULL),(18,'usuario18',NULL,NULL,NULL),(19,'usuario19',NULL,NULL,NULL),(20,'usuario20',NULL,NULL,NULL),(21,'usuario21',NULL,NULL,NULL),(22,'usuario22',NULL,NULL,NULL),(23,'usuario23',NULL,NULL,NULL),(24,'usuario24',NULL,NULL,NULL),(25,'usuario25',NULL,NULL,NULL),(26,'usuario26',NULL,NULL,NULL),(27,'usuario27',NULL,NULL,NULL),(28,'usuario28',NULL,NULL,NULL),(29,'usuario29',NULL,NULL,NULL),(30,'usuario30',NULL,NULL,NULL),(31,'usuario31',NULL,NULL,NULL),(32,'usuario32',NULL,NULL,NULL),(33,'usuario33',NULL,NULL,NULL),(34,'usuario34',NULL,NULL,NULL),(35,'usuario35',NULL,NULL,NULL),(36,'usuario36',NULL,NULL,NULL),(37,'usuario37',NULL,NULL,NULL),(38,'usuario38',NULL,NULL,NULL),(39,'usuario39',NULL,NULL,NULL),(40,'usuario40',NULL,NULL,NULL),(41,'usuario41',NULL,NULL,NULL),(42,'usuario42',NULL,NULL,NULL),(43,'usuario43',NULL,NULL,NULL),(44,'usuario44',NULL,NULL,NULL),(45,'usuario45',NULL,NULL,NULL),(46,'usuario46',NULL,NULL,NULL),(47,'usuario47',NULL,NULL,NULL),(48,'usuario48',NULL,NULL,NULL),(49,'usuario49',NULL,NULL,NULL),(50,'usuario50',NULL,NULL,NULL),(51,'usuario51',NULL,NULL,NULL),(52,'usuario52',NULL,NULL,NULL),(53,'usuario53',NULL,NULL,NULL),(54,'usuario54',NULL,NULL,NULL);
/*!40000 ALTER TABLE `participant` ENABLE KEYS */;
UNLOCK TABLES;

--
-- Table structure for table `participant_response`
--

DROP TABLE IF EXISTS `participant_response`;
/*!40101 SET @saved_cs_client     = @@character_set_client */;
/*!40101 SET character_set_client = utf8 */;
CREATE TABLE `participant_response` (
  `id` int(11) NOT NULL AUTO_INCREMENT,
  `session_id` int(11) DEFAULT NULL,
  `image_served_id` int(11) DEFAULT NULL,
  `pointsEarned` int(11) DEFAULT NULL,
  `answered_at` datetime DEFAULT NULL,
  `type` varchar(45) NOT NULL,
  `training_task_id` int(11) DEFAULT NULL,
  `correct_answer` int(11) NOT NULL,
  `participant_answer` int(11) DEFAULT NULL,
  `images_used_to_respond` varchar(255) DEFAULT NULL,
  PRIMARY KEY (`id`),
  KEY `fk_participant_response_image1_idx` (`image_served_id`),
  KEY `fk_participant_response_session_participant_idx` (`session_id`),
  KEY `fk_participant_response_training_task_idx` (`training_task_id`),
  CONSTRAINT `fk_participant_response_image1` FOREIGN KEY (`image_served_id`) REFERENCES `image` (`id`) ON DELETE NO ACTION ON UPDATE NO ACTION,
  CONSTRAINT `fk_participant_response_session` FOREIGN KEY (`session_id`) REFERENCES `participant_session` (`id`) ON DELETE NO ACTION ON UPDATE NO ACTION,
  CONSTRAINT `fk_participant_response_training_task` FOREIGN KEY (`training_task_id`) REFERENCES `training_task` (`id`) ON DELETE NO ACTION ON UPDATE NO ACTION
) ENGINE=InnoDB AUTO_INCREMENT=752 DEFAULT CHARSET=big5;
/*!40101 SET character_set_client = @saved_cs_client */;

--
-- Dumping data for table `participant_response`
--

LOCK TABLES `participant_response` WRITE;
/*!40000 ALTER TABLE `participant_response` DISABLE KEYS */;
INSERT INTO `participant_response` VALUES (1,1,293,10,'2017-11-18 11:45:49','training',1,1,1,NULL),(2,1,241,10,'2017-11-18 11:45:52','training',2,0,0,NULL),(3,1,298,10,'2017-11-18 11:45:55','training',3,1,1,NULL),(4,1,284,0,'2017-11-18 11:46:00','training',4,1,0,NULL),(5,1,268,10,'2017-11-18 11:46:03','training',5,0,0,NULL),(6,2,293,10,'2017-11-18 12:09:15','training',1,1,1,NULL),(7,2,241,10,'2017-11-18 12:09:21','training',2,0,0,NULL),(8,2,298,10,'2017-11-18 12:09:26','training',3,1,1,NULL),(9,2,284,10,'2017-11-18 12:09:32','training',4,1,2,NULL),(10,2,268,10,'2017-11-18 12:09:36','training',5,0,0,NULL),(11,2,280,NULL,'2017-11-18 12:10:09','real',NULL,1,1,'rgb,cool,heat,hsv'),(12,2,254,NULL,'2017-11-18 12:10:19','real',NULL,0,0,'rgb,cool,heat,hsv'),(13,2,288,NULL,'2017-11-18 12:10:26','real',NULL,1,0,'rgb,cool,heat,hsv'),(14,2,256,NULL,'2017-11-18 12:10:33','real',NULL,0,0,'rgb,cool,heat,hsv'),(15,2,293,NULL,'2017-11-18 12:10:39','real',NULL,1,1,'rgb,cool,heat,hsv'),(16,2,267,NULL,'2017-11-18 12:10:45','real',NULL,0,0,'rgb,cool,heat,hsv'),(17,2,285,NULL,'2017-11-18 12:10:51','real',NULL,1,1,'rgb,cool,heat,hsv'),(18,2,292,NULL,'2017-11-18 12:10:59','real',NULL,1,1,'rgb,cool,heat,hsv'),(19,2,272,NULL,'2017-11-18 12:11:05','real',NULL,0,0,'rgb,cool,heat,hsv'),(20,2,274,NULL,'2017-11-18 12:11:13','real',NULL,1,1,'rgb,cool,heat,hsv'),(21,2,268,NULL,'2017-11-18 12:11:19','real',NULL,0,0,'rgb,cool,heat,hsv'),(22,2,273,NULL,'2017-11-18 12:11:26','real',NULL,1,1,'rgb,cool,heat,hsv'),(23,2,282,NULL,'2017-11-18 12:11:36','real',NULL,1,1,'rgb,cool,heat,hsv'),(24,3,293,10,'2017-11-18 12:39:54','training',1,1,1,NULL),(25,3,241,10,'2017-11-18 12:40:00','training',2,0,0,NULL),(26,3,298,10,'2017-11-18 12:41:26','training',3,1,1,NULL),(27,3,284,10,'2017-11-18 12:41:41','training',4,1,1,NULL),(28,3,268,10,'2017-11-18 12:41:48','training',5,0,0,NULL),(29,3,298,NULL,'2017-11-18 12:42:48','real',NULL,1,1,'rgb'),(30,3,302,NULL,'2017-11-18 12:43:08','real',NULL,1,1,'hsv'),(31,3,253,NULL,'2017-11-18 12:43:20','real',NULL,0,0,'rgb,cool,heat,hsv'),(32,3,256,NULL,'2017-11-18 12:43:34','real',NULL,0,0,'rgb,cool,heat,hsv'),(33,4,293,10,'2017-11-18 13:16:13','training',1,1,1,NULL),(34,4,241,10,'2017-11-18 13:16:22','training',2,0,0,NULL),(35,4,298,10,'2017-11-18 13:16:28','training',3,1,1,NULL),(36,4,284,10,'2017-11-18 13:16:33','training',4,1,1,NULL),(37,4,268,10,'2017-11-18 13:16:43','training',5,0,0,NULL),(38,4,299,NULL,'2017-11-18 13:17:40','real',NULL,1,1,'rgb'),(39,4,273,NULL,'2017-11-18 13:17:53','real',NULL,1,1,'rgb,cool,heat,hsv'),(40,5,293,10,'2017-11-18 13:26:59','training',1,1,1,NULL),(41,5,241,10,'2017-11-18 13:27:03','training',2,0,0,NULL),(42,5,298,10,'2017-11-18 13:27:08','training',3,1,1,NULL),(43,5,284,10,'2017-11-18 13:27:13','training',4,1,1,NULL),(44,5,268,10,'2017-11-18 13:27:18','training',5,0,0,NULL),(45,5,286,NULL,'2017-11-18 13:28:08','real',NULL,1,1,'hsv'),(46,5,258,NULL,'2017-11-18 13:28:14','real',NULL,0,0,'rgb'),(47,5,268,NULL,'2017-11-18 13:28:27','real',NULL,0,0,'rgb'),(48,5,299,NULL,'2017-11-18 13:28:34','real',NULL,1,1,'rgb'),(49,5,292,NULL,'2017-11-18 13:28:42','real',NULL,1,1,'rgb,cool,heat,hsv'),(50,5,247,NULL,'2017-11-18 13:28:50','real',NULL,0,0,'rgb,cool,heat,hsv'),(51,5,247,NULL,'2017-11-18 13:28:59','real',NULL,0,1,'rgb,cool,heat,hsv'),(52,5,268,NULL,'2017-11-18 13:29:07','real',NULL,0,0,'rgb'),(53,5,292,NULL,'2017-11-18 13:29:13','real',NULL,1,1,'rgb,cool,heat,hsv'),(54,5,294,NULL,'2017-11-18 13:29:24','real',NULL,1,1,'hsv'),(55,5,300,NULL,'2017-11-18 13:29:37','real',NULL,1,0,'cool,heat,hsv'),(56,5,276,NULL,'2017-11-18 13:29:45','real',NULL,1,1,'rgb'),(57,5,257,NULL,'2017-11-18 13:29:51','real',NULL,0,0,'rgb'),(58,5,270,NULL,'2017-11-18 13:30:00','real',NULL,0,0,'rgb'),(59,5,247,NULL,'2017-11-18 13:30:05','real',NULL,0,0,'rgb,cool,heat'),(60,5,276,NULL,'2017-11-18 13:30:13','real',NULL,1,1,'rgb'),(61,5,256,NULL,'2017-11-18 13:30:19','real',NULL,0,0,'rgb,cool,heat,hsv'),(62,5,278,NULL,'2017-11-18 13:30:29','real',NULL,1,1,'rgb'),(63,5,235,NULL,'2017-11-18 13:30:36','real',NULL,0,0,'rgb,cool,heat,hsv'),(64,5,243,NULL,'2017-11-18 13:30:44','real',NULL,0,0,'rgb'),(65,5,271,NULL,'2017-11-18 13:30:56','real',NULL,0,1,'rgb'),(66,6,293,10,'2017-11-18 13:35:20','training',1,1,1,NULL),(67,6,241,10,'2017-11-18 13:35:27','training',2,0,0,NULL),(68,6,298,10,'2017-11-18 13:35:32','training',3,1,1,NULL),(69,6,284,10,'2017-11-18 13:35:48','training',4,1,2,NULL),(70,6,268,10,'2017-11-18 13:35:55','training',5,0,0,NULL),(71,6,232,NULL,'2017-11-18 13:36:54','real',NULL,0,0,'cool,heat'),(72,6,234,NULL,'2017-11-18 13:37:10','real',NULL,0,0,'rgb,cool,heat,hsv'),(73,6,279,NULL,'2017-11-18 13:37:22','real',NULL,1,1,'rgb'),(74,6,283,NULL,'2017-11-18 13:37:33','real',NULL,1,1,'cool,heat'),(75,6,252,NULL,'2017-11-18 13:37:45','real',NULL,0,0,'rgb,cool,heat,hsv'),(76,6,264,NULL,'2017-11-18 13:37:58','real',NULL,0,1,'cool,heat,hsv'),(77,6,269,NULL,'2017-11-18 13:38:13','real',NULL,0,0,'rgb,cool,heat,hsv'),(78,6,249,NULL,'2017-11-18 13:38:41','real',NULL,0,1,'rgb,heat'),(79,6,235,NULL,'2017-11-18 13:40:10','real',NULL,0,0,'rgb,cool,heat,hsv'),(80,6,297,NULL,'2017-11-18 13:41:17','real',NULL,1,1,'rgb,cool,heat'),(81,7,293,10,'2017-11-18 13:47:36','training',1,1,1,NULL),(82,7,241,10,'2017-11-18 13:47:44','training',2,0,0,NULL),(83,7,298,10,'2017-11-18 13:47:50','training',3,1,1,NULL),(84,7,284,10,'2017-11-18 13:47:56','training',4,1,1,NULL),(85,7,268,10,'2017-11-18 13:48:03','training',5,0,0,NULL),(86,7,245,NULL,'2017-11-18 13:49:11','real',NULL,0,0,'rgb'),(87,7,274,NULL,'2017-11-18 13:49:22','real',NULL,1,1,'hsv'),(88,7,245,NULL,'2017-11-18 13:49:29','real',NULL,0,0,'hsv'),(89,7,253,NULL,'2017-11-18 13:49:37','real',NULL,0,0,'rgb'),(90,7,265,NULL,'2017-11-18 13:49:49','real',NULL,0,2,NULL),(91,7,301,NULL,'2017-11-18 13:49:57','real',NULL,1,1,'rgb'),(92,7,242,NULL,'2017-11-18 13:50:09','real',NULL,0,1,'rgb'),(93,7,266,NULL,'2017-11-18 13:50:24','real',NULL,0,0,'hsv'),(94,7,258,NULL,'2017-11-18 13:50:31','real',NULL,0,0,'rgb'),(95,7,247,NULL,'2017-11-18 13:50:37','real',NULL,0,0,'hsv'),(96,7,265,NULL,'2017-11-18 13:50:46','real',NULL,0,1,'rgb'),(97,7,235,NULL,'2017-11-18 13:51:01','real',NULL,0,0,'rgb'),(98,7,231,NULL,'2017-11-18 13:51:13','real',NULL,0,1,'rgb'),(99,9,293,10,'2017-11-18 14:04:13','training',1,1,1,NULL),(100,9,241,10,'2017-11-18 14:04:21','training',2,0,0,NULL),(101,9,298,10,'2017-11-18 14:04:28','training',3,1,1,NULL),(102,9,284,10,'2017-11-18 14:04:37','training',4,1,1,NULL),(103,9,268,10,'2017-11-18 14:04:44','training',5,0,0,NULL),(104,9,270,NULL,'2017-11-18 14:06:16','real',NULL,0,0,'cool'),(105,9,252,NULL,'2017-11-18 14:06:27','real',NULL,0,0,'heat'),(106,9,295,NULL,'2017-11-18 14:06:34','real',NULL,1,1,'rgb'),(107,9,246,NULL,'2017-11-18 14:06:41','real',NULL,0,0,'rgb'),(108,9,262,NULL,'2017-11-18 14:06:47','real',NULL,0,0,'cool'),(109,9,244,NULL,'2017-11-18 14:07:01','real',NULL,0,0,'rgb'),(110,9,244,NULL,'2017-11-18 14:07:12','real',NULL,0,1,'cool'),(111,9,247,NULL,'2017-11-18 14:07:18','real',NULL,0,0,'rgb'),(112,10,293,10,'2017-11-18 14:09:16','training',1,1,1,NULL),(113,10,241,10,'2017-11-18 14:09:22','training',2,0,0,NULL),(114,10,298,10,'2017-11-18 14:09:27','training',3,1,1,NULL),(115,10,284,10,'2017-11-18 14:09:35','training',4,1,1,NULL),(116,10,268,10,'2017-11-18 14:09:50','training',5,0,0,NULL),(117,10,262,NULL,'2017-11-18 14:10:42','real',NULL,0,0,'rgb,cool,heat,hsv'),(118,10,251,NULL,'2017-11-18 14:12:39','real',NULL,0,0,'rgb,cool,heat,hsv'),(119,10,273,NULL,'2017-11-18 14:13:03','real',NULL,1,1,'rgb,cool,heat,hsv'),(120,10,278,NULL,'2017-11-18 14:13:13','real',NULL,1,1,'rgb,cool,heat,hsv'),(121,10,239,NULL,'2017-11-18 14:13:31','real',NULL,0,0,'rgb,cool,heat,hsv'),(122,10,242,NULL,'2017-11-18 14:13:45','real',NULL,0,0,'rgb,cool,heat,hsv'),(123,10,269,NULL,'2017-11-18 14:16:16','real',NULL,0,0,'rgb,cool,heat,hsv'),(124,10,233,NULL,'2017-11-18 14:16:39','real',NULL,0,0,'rgb,cool,heat,hsv'),(125,11,293,10,'2017-11-18 14:36:36','training',1,1,1,NULL),(126,11,241,10,'2017-11-18 14:36:45','training',2,0,0,NULL),(127,11,298,10,'2017-11-18 14:36:58','training',3,1,1,NULL),(128,11,284,10,'2017-11-18 14:37:06','training',4,1,1,NULL),(129,11,268,10,'2017-11-18 14:37:12','training',5,0,0,NULL),(130,11,277,NULL,'2017-11-18 14:37:57','real',NULL,1,1,'cool,heat,hsv'),(131,11,269,NULL,'2017-11-18 14:38:07','real',NULL,0,0,'rgb,cool,heat,hsv'),(132,11,261,NULL,'2017-11-18 14:38:16','real',NULL,0,0,'rgb,cool,heat,hsv'),(133,11,234,NULL,'2017-11-18 14:38:28','real',NULL,0,0,'rgb,cool,heat,hsv'),(134,11,247,NULL,'2017-11-18 14:38:39','real',NULL,0,0,'rgb,cool,heat,hsv'),(135,11,237,NULL,'2017-11-18 14:38:49','real',NULL,0,0,'rgb,cool,heat,hsv'),(136,11,255,NULL,'2017-11-18 14:39:03','real',NULL,0,0,'rgb,cool,heat,hsv'),(137,11,266,NULL,'2017-11-18 14:39:12','real',NULL,0,0,'cool,heat,hsv'),(138,11,237,NULL,'2017-11-18 14:39:26','real',NULL,0,0,'rgb,cool,heat,hsv'),(139,11,285,NULL,'2017-11-18 14:39:40','real',NULL,1,1,'rgb,cool,heat,hsv'),(140,11,290,NULL,'2017-11-18 14:39:48','real',NULL,1,1,'rgb,cool,heat,hsv'),(141,11,231,NULL,'2017-11-18 14:40:04','real',NULL,0,2,NULL),(142,11,267,NULL,'2017-11-18 14:40:14','real',NULL,0,0,'rgb,cool,heat,hsv'),(143,11,238,NULL,'2017-11-18 14:40:18','real',NULL,0,2,NULL),(144,12,293,10,'2017-11-18 14:47:09','training',1,1,1,NULL),(145,12,241,10,'2017-11-18 14:47:24','training',2,0,0,NULL),(146,12,298,10,'2017-11-18 14:47:31','training',3,1,1,NULL),(147,12,284,0,'2017-11-18 14:48:19','training',4,1,0,NULL),(148,12,268,10,'2017-11-18 14:48:24','training',5,0,0,NULL),(149,13,293,10,'2017-11-18 14:57:47','training',1,1,1,NULL),(150,13,241,10,'2017-11-18 14:57:53','training',2,0,0,NULL),(151,13,298,10,'2017-11-18 14:58:05','training',3,1,1,NULL),(152,13,284,10,'2017-11-18 14:58:13','training',4,1,1,NULL),(153,13,268,10,'2017-11-18 14:58:20','training',5,0,0,NULL),(154,13,240,NULL,'2017-11-18 14:59:10','real',NULL,0,0,'rgb,cool,heat,hsv'),(155,13,298,NULL,'2017-11-18 14:59:24','real',NULL,1,1,'cool,heat,hsv'),(156,13,248,NULL,'2017-11-18 14:59:44','real',NULL,0,1,'cool,heat,hsv'),(157,13,274,NULL,'2017-11-18 14:59:53','real',NULL,1,1,'cool,heat,hsv'),(158,13,245,NULL,'2017-11-18 15:00:11','real',NULL,0,0,'cool,heat,hsv'),(159,14,293,10,'2017-11-18 15:18:58','training',1,1,2,NULL),(160,14,241,0,'2017-11-18 15:19:07','training',2,0,2,NULL),(161,14,298,10,'2017-11-18 15:19:13','training',3,1,1,NULL),(162,14,284,10,'2017-11-18 15:19:22','training',4,1,1,NULL),(163,14,268,10,'2017-11-18 15:19:36','training',5,0,0,NULL),(164,14,239,NULL,'2017-11-18 15:20:08','real',NULL,0,2,NULL),(165,14,244,NULL,'2017-11-18 15:20:37','real',NULL,0,0,'hsv'),(166,14,236,NULL,'2017-11-18 15:20:54','real',NULL,0,0,'cool'),(167,14,282,NULL,'2017-11-18 15:21:09','real',NULL,1,1,'rgb,cool,heat,hsv'),(168,14,233,NULL,'2017-11-18 15:21:26','real',NULL,0,0,'heat'),(169,14,247,NULL,'2017-11-18 15:21:49','real',NULL,0,0,'rgb'),(170,14,277,NULL,'2017-11-18 15:22:08','real',NULL,1,1,'hsv'),(171,14,297,NULL,'2017-11-18 15:22:17','real',NULL,1,1,'rgb,hsv'),(172,15,293,10,'2017-11-18 15:25:12','training',1,1,1,NULL),(173,15,241,10,'2017-11-18 15:25:28','training',2,0,0,NULL),(174,15,298,10,'2017-11-18 15:25:44','training',3,1,1,NULL),(175,15,284,10,'2017-11-18 15:26:03','training',4,1,1,NULL),(176,15,268,10,'2017-11-18 15:26:11','training',5,0,0,NULL),(177,16,293,10,'2017-11-18 15:33:12','training',1,1,1,NULL),(178,16,241,10,'2017-11-18 15:33:19','training',2,0,0,NULL),(179,16,298,10,'2017-11-18 15:33:26','training',3,1,1,NULL),(180,16,284,0,'2017-11-18 15:33:35','training',4,1,0,NULL),(181,16,268,10,'2017-11-18 15:33:42','training',5,0,0,NULL),(182,16,250,NULL,'2017-11-18 15:34:58','real',NULL,0,0,'rgb,cool,heat,hsv'),(183,16,257,NULL,'2017-11-18 15:35:07','real',NULL,0,2,NULL),(184,16,286,NULL,'2017-11-18 15:35:17','real',NULL,1,2,NULL),(185,16,290,NULL,'2017-11-18 15:35:29','real',NULL,1,1,'rgb,cool,heat,hsv'),(186,16,276,NULL,'2017-11-18 15:35:41','real',NULL,1,1,'rgb,cool,heat,hsv'),(187,16,297,NULL,'2017-11-18 15:35:50','real',NULL,1,1,'rgb,cool,heat,hsv'),(188,17,293,10,'2017-11-18 15:42:02','training',1,1,1,NULL),(189,17,241,10,'2017-11-18 15:42:12','training',2,0,0,NULL),(190,17,298,10,'2017-11-18 15:42:29','training',3,1,1,NULL),(191,17,284,10,'2017-11-18 15:42:41','training',4,1,1,NULL),(192,17,268,0,'2017-11-18 15:42:54','training',5,0,2,NULL),(193,17,289,NULL,'2017-11-18 15:46:15','real',NULL,1,1,'rgb'),(194,17,236,NULL,'2017-11-18 15:46:30','real',NULL,0,2,NULL),(195,17,288,NULL,'2017-11-18 15:46:48','real',NULL,1,0,'cool,heat,hsv'),(196,17,250,NULL,'2017-11-18 15:46:58','real',NULL,0,0,'cool,heat,hsv'),(197,18,293,10,'2017-11-18 16:11:50','training',1,1,1,NULL),(198,18,241,10,'2017-11-18 16:11:56','training',2,0,0,NULL),(199,18,298,10,'2017-11-18 16:12:02','training',3,1,1,NULL),(200,18,284,10,'2017-11-18 16:12:09','training',4,1,1,NULL),(201,18,268,10,'2017-11-18 16:12:15','training',5,0,0,NULL),(202,18,287,NULL,'2017-11-18 16:13:03','real',NULL,1,1,'rgb'),(203,18,248,NULL,'2017-11-18 16:13:17','real',NULL,0,0,'rgb'),(204,18,292,NULL,'2017-11-18 16:13:23','real',NULL,1,1,'rgb'),(205,18,257,NULL,'2017-11-18 16:13:30','real',NULL,0,0,'rgb'),(206,18,239,NULL,'2017-11-18 16:13:38','real',NULL,0,0,'rgb'),(207,18,285,NULL,'2017-11-18 16:13:46','real',NULL,1,1,'rgb'),(208,18,280,NULL,'2017-11-18 16:13:51','real',NULL,1,1,'rgb'),(209,18,271,NULL,'2017-11-18 16:13:59','real',NULL,0,1,'rgb'),(210,19,293,10,'2017-11-18 16:17:06','training',1,1,1,NULL),(211,19,241,10,'2017-11-18 16:17:12','training',2,0,0,NULL),(212,19,298,10,'2017-11-18 16:17:20','training',3,1,1,NULL),(213,19,284,10,'2017-11-18 16:17:30','training',4,1,1,NULL),(214,19,268,10,'2017-11-18 16:17:35','training',5,0,0,NULL),(215,19,280,NULL,'2017-11-18 16:18:33','real',NULL,1,1,'rgb,cool,heat,hsv'),(216,19,260,NULL,'2017-11-18 16:19:05','real',NULL,0,0,'rgb,cool,heat,hsv'),(217,19,249,NULL,'2017-11-18 16:19:38','real',NULL,0,1,'rgb,cool,heat,hsv'),(218,19,284,NULL,'2017-11-18 16:19:56','real',NULL,1,1,'rgb,cool,heat,hsv'),(219,19,297,NULL,'2017-11-18 16:20:07','real',NULL,1,1,'rgb,cool,heat,hsv'),(220,19,237,NULL,'2017-11-18 16:20:15','real',NULL,0,0,'rgb,cool,heat,hsv'),(221,19,262,NULL,'2017-11-18 16:20:23','real',NULL,0,0,'rgb,cool,heat,hsv'),(222,19,271,NULL,'2017-11-18 16:21:33','real',NULL,0,1,'rgb,hsv'),(223,19,237,NULL,'2017-11-18 16:21:41','real',NULL,0,0,'rgb,cool,heat,hsv'),(224,19,230,NULL,'2017-11-18 16:22:47','real',NULL,0,0,'rgb,cool,heat,hsv'),(225,19,279,NULL,'2017-11-18 16:23:13','real',NULL,1,1,'rgb,cool,heat,hsv'),(226,19,229,NULL,'2017-11-18 16:23:52','real',NULL,0,0,'rgb,cool,heat,hsv'),(227,19,276,NULL,'2017-11-18 16:24:51','real',NULL,1,1,'rgb,cool,heat,hsv'),(228,19,290,NULL,'2017-11-18 16:25:06','real',NULL,1,1,'rgb,cool,heat,hsv'),(229,19,260,NULL,'2017-11-18 16:25:42','real',NULL,0,0,'rgb,cool,heat,hsv'),(230,19,256,NULL,'2017-11-18 16:25:49','real',NULL,0,0,'rgb,cool,heat,hsv'),(231,19,237,NULL,'2017-11-18 16:26:02','real',NULL,0,0,'rgb,cool,heat,hsv'),(232,19,288,NULL,'2017-11-18 16:26:47','real',NULL,1,0,'rgb,cool,heat,hsv'),(233,19,253,NULL,'2017-11-18 16:27:21','real',NULL,0,0,'rgb,cool,heat,hsv'),(234,19,243,NULL,'2017-11-18 16:27:29','real',NULL,0,0,'rgb,cool,heat,hsv'),(235,19,250,NULL,'2017-11-18 16:27:41','real',NULL,0,0,'rgb,cool,heat,hsv'),(236,19,271,NULL,'2017-11-18 16:28:04','real',NULL,0,1,'rgb,hsv'),(237,20,293,10,'2017-11-18 16:36:16','training',1,1,1,NULL),(238,20,241,0,'2017-11-18 16:36:31','training',2,0,2,NULL),(239,20,298,10,'2017-11-18 16:36:41','training',3,1,1,NULL),(240,20,284,10,'2017-11-18 16:36:45','training',4,1,1,NULL),(241,20,268,10,'2017-11-18 16:36:52','training',5,0,0,NULL),(242,20,232,NULL,'2017-11-18 16:37:30','real',NULL,0,1,'hsv'),(243,20,233,NULL,'2017-11-18 16:37:53','real',NULL,0,0,'cool,heat'),(244,20,247,NULL,'2017-11-18 16:37:59','real',NULL,0,2,NULL),(245,20,259,NULL,'2017-11-18 16:38:13','real',NULL,0,0,'cool,heat,hsv'),(246,20,266,NULL,'2017-11-18 16:38:44','real',NULL,0,0,'cool,heat,hsv'),(247,20,259,NULL,'2017-11-18 16:38:55','real',NULL,0,0,'cool,heat'),(248,21,293,10,'2017-11-18 16:42:24','training',1,1,1,NULL),(249,21,241,10,'2017-11-18 16:42:40','training',2,0,0,NULL),(250,21,298,10,'2017-11-18 16:42:50','training',3,1,1,NULL),(251,21,284,0,'2017-11-18 16:43:08','training',4,1,0,NULL),(252,21,268,10,'2017-11-18 16:43:28','training',5,0,0,NULL),(253,21,285,NULL,'2017-11-18 16:44:33','real',NULL,1,1,'rgb,cool,heat,hsv'),(254,21,272,NULL,'2017-11-18 16:44:47','real',NULL,0,0,'rgb,cool,heat,hsv'),(255,21,256,NULL,'2017-11-18 16:44:58','real',NULL,0,0,'rgb,cool,heat,hsv'),(256,21,269,NULL,'2017-11-18 16:45:12','real',NULL,0,0,'rgb'),(257,21,289,NULL,'2017-11-18 16:45:55','real',NULL,1,0,'hsv'),(258,21,243,NULL,'2017-11-18 16:46:22','real',NULL,0,0,'hsv'),(259,21,246,NULL,'2017-11-18 16:46:37','real',NULL,0,0,'rgb,cool,heat,hsv'),(260,21,236,NULL,'2017-11-18 16:46:59','real',NULL,0,1,'cool,heat,hsv'),(261,21,266,NULL,'2017-11-18 16:47:13','real',NULL,0,2,NULL),(262,21,247,NULL,'2017-11-18 16:47:31','real',NULL,0,1,'cool,heat'),(263,21,287,NULL,'2017-11-18 16:47:40','real',NULL,1,1,'rgb'),(264,21,272,NULL,'2017-11-18 16:48:01','real',NULL,0,0,'cool,heat,hsv'),(265,21,258,NULL,'2017-11-18 16:48:14','real',NULL,0,0,'cool,heat,hsv'),(266,21,233,NULL,'2017-11-18 16:48:26','real',NULL,0,0,'hsv'),(267,21,267,NULL,'2017-11-18 16:48:59','real',NULL,0,1,'cool,heat,hsv'),(268,22,293,10,'2017-11-18 17:11:42','training',1,1,1,NULL),(269,22,241,10,'2017-11-18 17:11:53','training',2,0,0,NULL),(270,22,298,10,'2017-11-18 17:12:00','training',3,1,1,NULL),(271,22,284,10,'2017-11-18 17:12:36','training',4,1,1,NULL),(272,22,268,0,'2017-11-18 17:12:53','training',5,0,2,NULL),(273,22,246,NULL,'2017-11-18 17:13:39','real',NULL,0,0,'cool'),(274,22,240,NULL,'2017-11-18 17:13:52','real',NULL,0,0,'hsv'),(275,22,259,NULL,'2017-11-18 17:14:10','real',NULL,0,0,'rgb,cool'),(276,22,282,NULL,'2017-11-18 17:14:19','real',NULL,1,1,'rgb,cool,heat'),(277,22,276,NULL,'2017-11-18 17:14:32','real',NULL,1,1,'rgb'),(278,22,298,NULL,'2017-11-18 17:14:38','real',NULL,1,1,'rgb'),(279,22,302,NULL,'2017-11-18 17:14:56','real',NULL,1,1,'rgb,cool,heat'),(280,22,250,NULL,'2017-11-18 17:15:11','real',NULL,0,0,'rgb,cool,heat,hsv'),(281,22,251,NULL,'2017-11-18 17:15:20','real',NULL,0,0,'cool,heat,hsv'),(282,22,255,NULL,'2017-11-18 17:15:29','real',NULL,0,0,'cool,heat,hsv'),(283,22,229,NULL,'2017-11-18 17:15:39','real',NULL,0,0,'cool,heat,hsv'),(284,22,247,NULL,'2017-11-18 17:16:02','real',NULL,0,0,'rgb,hsv'),(285,23,293,10,'2017-11-18 17:44:51','training',1,1,1,NULL),(286,23,241,10,'2017-11-18 17:45:10','training',2,0,0,NULL),(287,23,298,10,'2017-11-18 17:45:27','training',3,1,1,NULL),(288,23,284,10,'2017-11-18 17:45:46','training',4,1,1,NULL),(289,23,268,0,'2017-11-18 17:46:18','training',5,0,1,NULL),(290,23,280,NULL,'2017-11-18 17:47:57','real',NULL,1,1,'hsv'),(291,23,283,NULL,'2017-11-18 17:48:13','real',NULL,1,1,'rgb'),(292,23,230,NULL,'2017-11-18 17:48:40','real',NULL,0,0,'hsv'),(293,23,230,NULL,'2017-11-18 17:48:56','real',NULL,0,0,'hsv'),(294,23,240,NULL,'2017-11-18 17:49:15','real',NULL,0,0,'rgb'),(295,23,237,NULL,'2017-11-18 17:49:28','real',NULL,0,0,'hsv'),(296,23,232,NULL,'2017-11-18 17:49:52','real',NULL,0,1,'hsv'),(297,23,252,NULL,'2017-11-18 17:50:07','real',NULL,0,0,'rgb'),(298,23,279,NULL,'2017-11-18 17:50:48','real',NULL,1,1,'hsv'),(299,23,251,NULL,'2017-11-18 17:51:03','real',NULL,0,0,'hsv'),(300,23,232,NULL,'2017-11-18 17:51:16','real',NULL,0,1,'hsv'),(301,23,251,NULL,'2017-11-18 17:51:34','real',NULL,0,0,'rgb'),(302,23,259,NULL,'2017-11-18 17:51:48','real',NULL,0,0,'hsv'),(303,23,248,NULL,'2017-11-18 17:52:02','real',NULL,0,0,'hsv'),(304,23,285,NULL,'2017-11-18 17:52:15','real',NULL,1,1,'hsv'),(305,23,297,NULL,'2017-11-18 17:52:25','real',NULL,1,1,'rgb'),(306,23,246,NULL,'2017-11-18 17:52:43','real',NULL,0,0,'hsv'),(307,23,232,NULL,'2017-11-18 17:52:51','real',NULL,0,1,'hsv'),(308,23,294,NULL,'2017-11-18 17:53:05','real',NULL,1,1,'hsv'),(309,23,251,NULL,'2017-11-18 17:53:18','real',NULL,0,0,'rgb'),(310,23,247,NULL,'2017-11-18 17:53:38','real',NULL,0,0,'hsv'),(311,24,293,10,'2017-11-18 18:10:26','training',1,1,1,NULL),(312,24,241,0,'2017-11-18 18:12:10','training',2,0,2,NULL),(313,24,298,10,'2017-11-18 18:12:30','training',3,1,1,NULL),(314,24,284,10,'2017-11-18 18:13:18','training',4,1,1,NULL),(315,24,268,10,'2017-11-18 18:14:26','training',5,0,0,NULL),(316,24,271,NULL,'2017-11-18 18:18:17','real',NULL,0,1,'rgb,cool,heat,hsv'),(317,24,295,NULL,'2017-11-18 18:18:45','real',NULL,1,1,'rgb,cool,heat'),(318,24,279,NULL,'2017-11-18 18:19:17','real',NULL,1,1,'rgb,cool,heat'),(319,24,272,NULL,'2017-11-18 18:19:58','real',NULL,0,0,'rgb,cool,heat,hsv'),(320,24,238,NULL,'2017-11-18 18:20:43','real',NULL,0,1,'rgb,cool,heat,hsv'),(321,24,242,NULL,'2017-11-18 18:21:26','real',NULL,0,1,'rgb,hsv'),(322,25,293,10,'2017-11-18 18:39:23','training',1,1,1,NULL),(323,25,241,10,'2017-11-18 18:39:28','training',2,0,0,NULL),(324,25,298,10,'2017-11-18 18:39:32','training',3,1,1,NULL),(325,25,284,10,'2017-11-18 18:39:35','training',4,1,1,NULL),(326,25,268,10,'2017-11-18 18:39:39','training',5,0,0,NULL),(327,25,239,NULL,'2017-11-18 18:40:17','real',NULL,0,0,'rgb,cool,heat,hsv'),(328,25,276,NULL,'2017-11-18 18:40:27','real',NULL,1,1,'rgb,cool,heat,hsv'),(329,25,239,NULL,'2017-11-18 18:40:34','real',NULL,0,0,'rgb,cool,heat,hsv'),(330,25,229,NULL,'2017-11-18 18:40:46','real',NULL,0,0,'rgb,cool,heat'),(331,25,283,NULL,'2017-11-18 18:40:54','real',NULL,1,1,'rgb,cool,heat,hsv'),(332,25,279,NULL,'2017-11-18 18:41:03','real',NULL,1,1,'rgb,cool,heat,hsv'),(333,25,280,NULL,'2017-11-18 18:41:10','real',NULL,1,1,'rgb,cool,heat,hsv'),(334,25,299,NULL,'2017-11-18 18:41:23','real',NULL,1,1,'rgb,hsv'),(335,25,281,NULL,'2017-11-18 18:41:31','real',NULL,1,1,'rgb,cool,heat,hsv'),(336,25,247,NULL,'2017-11-18 18:41:37','real',NULL,0,0,'rgb,cool,heat,hsv'),(337,25,265,NULL,'2017-11-18 18:41:45','real',NULL,0,0,'rgb,cool,heat,hsv'),(338,25,292,NULL,'2017-11-18 18:41:52','real',NULL,1,1,'rgb,cool,heat,hsv'),(339,25,261,NULL,'2017-11-18 18:41:58','real',NULL,0,0,'rgb,cool,heat,hsv'),(340,25,255,NULL,'2017-11-18 18:42:04','real',NULL,0,0,'rgb,cool,heat,hsv'),(341,25,248,NULL,'2017-11-18 18:42:11','real',NULL,0,0,'rgb,cool,heat,hsv'),(342,25,240,NULL,'2017-11-18 18:42:16','real',NULL,0,0,'rgb,cool,heat,hsv'),(343,25,301,NULL,'2017-11-18 18:42:25','real',NULL,1,1,'rgb,cool,heat,hsv'),(344,26,293,10,'2017-11-18 19:00:30','training',1,1,1,NULL),(345,26,241,10,'2017-11-18 19:00:38','training',2,0,0,NULL),(346,26,298,10,'2017-11-18 19:00:47','training',3,1,1,NULL),(347,26,284,10,'2017-11-18 19:00:55','training',4,1,2,NULL),(348,26,268,10,'2017-11-18 19:01:02','training',5,0,0,NULL),(349,27,293,10,'2017-11-18 19:21:07','training',1,1,1,NULL),(350,27,241,10,'2017-11-18 19:21:15','training',2,0,0,NULL),(351,27,298,10,'2017-11-18 19:21:22','training',3,1,1,NULL),(352,27,284,10,'2017-11-18 19:21:32','training',4,1,1,NULL),(353,27,268,10,'2017-11-18 19:21:40','training',5,0,0,NULL),(354,29,293,0,'2017-11-19 12:51:43','training',1,1,0,NULL),(355,29,241,10,'2017-11-19 12:51:47','training',2,0,0,NULL),(356,29,298,0,'2017-11-19 12:51:50','training',3,1,0,NULL),(357,29,284,0,'2017-11-19 12:51:53','training',4,1,0,NULL),(358,29,268,10,'2017-11-19 12:51:56','training',5,0,0,NULL),(359,30,293,10,'2017-11-19 13:02:23','training',1,1,1,NULL),(360,30,241,10,'2017-11-19 13:02:31','training',2,0,0,NULL),(361,30,298,10,'2017-11-19 13:02:40','training',3,1,1,NULL),(362,30,284,10,'2017-11-19 13:03:40','training',4,1,1,NULL),(363,30,268,10,'2017-11-19 13:03:46','training',5,0,0,NULL),(364,30,229,NULL,'2017-11-19 13:04:42','real',NULL,0,0,'rgb,cool,heat'),(365,30,252,NULL,'2017-11-19 13:04:55','real',NULL,0,0,'cool,heat'),(366,30,246,NULL,'2017-11-19 13:05:39','real',NULL,0,2,NULL),(367,30,274,NULL,'2017-11-19 13:05:51','real',NULL,1,1,'rgb,cool,heat,hsv'),(368,30,292,NULL,'2017-11-19 13:06:02','real',NULL,1,1,'rgb,cool,heat,hsv'),(369,31,293,10,'2017-11-19 13:18:30','training',1,1,1,NULL),(370,31,241,10,'2017-11-19 13:18:38','training',2,0,0,NULL),(371,31,298,0,'2017-11-19 13:18:46','training',3,1,0,NULL),(372,31,284,10,'2017-11-19 13:18:51','training',4,1,2,NULL),(373,31,268,0,'2017-11-19 13:18:59','training',5,0,1,NULL),(374,31,294,NULL,'2017-11-19 13:20:28','real',NULL,1,1,'hsv'),(375,31,253,NULL,'2017-11-19 13:20:42','real',NULL,0,1,'rgb'),(376,31,239,NULL,'2017-11-19 13:20:52','real',NULL,0,2,NULL),(377,31,297,NULL,'2017-11-19 13:21:02','real',NULL,1,1,'heat'),(378,31,259,NULL,'2017-11-19 13:21:11','real',NULL,0,2,NULL),(379,31,287,NULL,'2017-11-19 13:21:23','real',NULL,1,1,'rgb,cool,heat,hsv'),(380,31,232,NULL,'2017-11-19 13:21:33','real',NULL,0,1,'hsv'),(381,31,300,NULL,'2017-11-19 13:21:44','real',NULL,1,1,'rgb,heat'),(382,31,269,NULL,'2017-11-19 13:21:53','real',NULL,0,2,NULL),(383,31,250,NULL,'2017-11-19 13:22:00','real',NULL,0,2,NULL),(384,31,273,NULL,'2017-11-19 13:22:13','real',NULL,1,1,'heat'),(385,31,302,NULL,'2017-11-19 13:22:20','real',NULL,1,1,'rgb,cool,heat,hsv'),(386,31,255,NULL,'2017-11-19 13:22:26','real',NULL,0,2,NULL),(387,31,275,NULL,'2017-11-19 13:22:38','real',NULL,1,1,'rgb,cool,heat,hsv'),(388,31,267,NULL,'2017-11-19 13:22:48','real',NULL,0,0,'rgb,cool'),(389,31,293,NULL,'2017-11-19 13:22:58','real',NULL,1,1,'rgb,cool,heat'),(390,32,293,10,'2017-11-19 13:43:54','training',1,1,1,NULL),(391,32,241,10,'2017-11-19 13:44:02','training',2,0,0,NULL),(392,32,298,10,'2017-11-19 13:44:07','training',3,1,1,NULL),(393,32,284,10,'2017-11-19 13:44:13','training',4,1,1,NULL),(394,32,268,0,'2017-11-19 13:44:27','training',5,0,1,NULL),(395,32,248,NULL,'2017-11-19 13:45:31','real',NULL,0,0,'hsv'),(396,32,252,NULL,'2017-11-19 13:45:47','real',NULL,0,0,'rgb'),(397,32,238,NULL,'2017-11-19 13:45:55','real',NULL,0,1,'rgb'),(398,32,293,NULL,'2017-11-19 13:46:05','real',NULL,1,1,'rgb,cool,heat,hsv'),(399,32,232,NULL,'2017-11-19 13:46:17','real',NULL,0,1,'hsv'),(400,32,302,NULL,'2017-11-19 13:46:24','real',NULL,1,1,'rgb'),(401,32,298,NULL,'2017-11-19 13:46:30','real',NULL,1,1,'heat'),(402,32,253,NULL,'2017-11-19 13:46:37','real',NULL,0,0,'hsv'),(403,32,284,NULL,'2017-11-19 13:46:43','real',NULL,1,1,'heat'),(404,32,244,NULL,'2017-11-19 13:46:53','real',NULL,0,2,NULL),(405,32,255,NULL,'2017-11-19 13:47:01','real',NULL,0,0,'rgb'),(406,32,281,NULL,'2017-11-19 13:47:07','real',NULL,1,1,'rgb'),(407,32,276,NULL,'2017-11-19 13:47:15','real',NULL,1,1,'cool,heat'),(408,32,294,NULL,'2017-11-19 13:47:22','real',NULL,1,1,'rgb,hsv'),(409,32,234,NULL,'2017-11-19 13:47:31','real',NULL,0,0,'rgb'),(410,32,287,NULL,'2017-11-19 13:47:38','real',NULL,1,1,'rgb,cool,heat'),(411,32,288,NULL,'2017-11-19 13:47:45','real',NULL,1,0,'rgb'),(412,32,253,NULL,'2017-11-19 13:47:51','real',NULL,0,0,'rgb,hsv'),(413,32,251,NULL,'2017-11-19 13:48:00','real',NULL,0,0,'rgb'),(414,33,293,10,'2017-11-19 14:02:53','training',1,1,1,NULL),(415,33,241,10,'2017-11-19 14:03:09','training',2,0,0,NULL),(416,33,298,10,'2017-11-19 14:03:25','training',3,1,1,NULL),(417,33,284,10,'2017-11-19 14:03:34','training',4,1,1,NULL),(418,33,268,10,'2017-11-19 14:03:43','training',5,0,0,NULL),(419,33,265,NULL,'2017-11-19 14:06:07','real',NULL,0,1,'rgb,hsv'),(420,33,270,NULL,'2017-11-19 14:06:27','real',NULL,0,0,'rgb,cool,heat,hsv'),(421,33,241,NULL,'2017-11-19 14:07:55','real',NULL,0,0,'cool'),(422,33,235,NULL,'2017-11-19 14:08:29','real',NULL,0,1,'hsv'),(423,33,266,NULL,'2017-11-19 14:09:26','real',NULL,0,1,'cool,heat,hsv'),(424,33,276,NULL,'2017-11-19 14:10:05','real',NULL,1,1,'rgb,cool,heat,hsv'),(425,33,248,NULL,'2017-11-19 14:10:19','real',NULL,0,0,'cool'),(426,33,266,NULL,'2017-11-19 14:10:28','real',NULL,0,1,'cool,heat,hsv'),(427,34,293,10,'2017-11-19 14:19:11','training',1,1,1,NULL),(428,34,241,10,'2017-11-19 14:19:27','training',2,0,0,NULL),(429,34,298,10,'2017-11-19 14:20:08','training',3,1,1,NULL),(430,34,284,10,'2017-11-19 14:20:18','training',4,1,1,NULL),(431,34,268,0,'2017-11-19 14:20:30','training',5,0,2,NULL),(432,35,293,10,'2017-11-19 14:32:17','training',1,1,1,NULL),(433,35,241,10,'2017-11-19 14:32:26','training',2,0,0,NULL),(434,35,298,10,'2017-11-19 14:32:36','training',3,1,1,NULL),(435,35,284,10,'2017-11-19 14:32:46','training',4,1,1,NULL),(436,35,268,10,'2017-11-19 14:32:58','training',5,0,0,NULL),(437,36,293,10,'2017-11-19 15:02:34','training',1,1,1,NULL),(438,36,241,0,'2017-11-19 15:03:07','training',2,0,2,NULL),(439,36,298,10,'2017-11-19 15:03:12','training',3,1,1,NULL),(440,36,284,0,'2017-11-19 15:03:27','training',4,1,0,NULL),(441,36,268,10,'2017-11-19 15:03:35','training',5,0,0,NULL),(442,37,293,10,'2017-11-19 15:11:32','training',1,1,1,NULL),(443,37,241,10,'2017-11-19 15:11:39','training',2,0,0,NULL),(444,37,298,10,'2017-11-19 15:11:54','training',3,1,1,NULL),(445,37,284,10,'2017-11-19 15:12:01','training',4,1,1,NULL),(446,37,268,10,'2017-11-19 15:12:10','training',5,0,0,NULL),(447,37,285,NULL,'2017-11-19 15:13:33','real',NULL,1,1,'rgb,cool,heat'),(448,37,279,NULL,'2017-11-19 15:13:57','real',NULL,1,1,'rgb,cool,heat,hsv'),(449,37,261,NULL,'2017-11-19 15:14:11','real',NULL,0,0,'cool,heat,hsv'),(450,37,266,NULL,'2017-11-19 15:14:16','real',NULL,0,2,NULL),(451,37,261,NULL,'2017-11-19 15:14:19','real',NULL,0,2,NULL),(452,37,284,NULL,'2017-11-19 15:14:34','real',NULL,1,1,'cool,heat,hsv'),(453,38,293,10,'2017-11-19 15:22:30','training',1,1,1,NULL),(454,38,241,10,'2017-11-19 15:22:36','training',2,0,0,NULL),(455,38,298,10,'2017-11-19 15:22:41','training',3,1,1,NULL),(456,38,284,10,'2017-11-19 15:22:47','training',4,1,1,NULL),(457,38,268,10,'2017-11-19 15:22:56','training',5,0,0,NULL),(458,38,258,NULL,'2017-11-19 15:23:39','real',NULL,0,0,'rgb'),(459,38,234,NULL,'2017-11-19 15:23:52','real',NULL,0,0,'hsv'),(460,38,295,NULL,'2017-11-19 15:24:02','real',NULL,1,1,'rgb,heat,hsv'),(461,38,237,NULL,'2017-11-19 15:24:10','real',NULL,0,0,'hsv'),(462,38,243,NULL,'2017-11-19 15:24:19','real',NULL,0,2,NULL),(463,38,231,NULL,'2017-11-19 15:24:25','real',NULL,0,2,NULL),(464,38,266,NULL,'2017-11-19 15:24:32','real',NULL,0,0,'rgb'),(465,38,301,NULL,'2017-11-19 15:24:41','real',NULL,1,1,'rgb,cool,heat,hsv'),(466,38,283,NULL,'2017-11-19 15:24:50','real',NULL,1,1,'rgb,cool,heat,hsv'),(467,38,243,NULL,'2017-11-19 15:24:53','real',NULL,0,2,NULL),(468,39,293,10,'2017-11-19 15:39:40','training',1,1,1,NULL),(469,39,241,0,'2017-11-19 15:39:55','training',2,0,1,NULL),(470,39,298,10,'2017-11-19 15:40:14','training',3,1,1,NULL),(471,39,284,10,'2017-11-19 15:40:34','training',4,1,1,NULL),(472,39,268,10,'2017-11-19 15:40:45','training',5,0,0,NULL),(473,39,236,NULL,'2017-11-19 15:42:02','real',NULL,0,1,'hsv'),(474,39,300,NULL,'2017-11-19 15:42:23','real',NULL,1,1,'hsv'),(475,39,262,NULL,'2017-11-19 15:42:42','real',NULL,0,0,'hsv'),(476,39,252,NULL,'2017-11-19 15:43:05','real',NULL,0,0,'hsv'),(477,40,293,10,'2017-11-19 15:49:03','training',1,1,1,NULL),(478,40,241,10,'2017-11-19 15:49:58','training',2,0,0,NULL),(479,40,298,10,'2017-11-19 15:50:06','training',3,1,1,NULL),(480,40,284,10,'2017-11-19 15:50:25','training',4,1,1,NULL),(481,40,268,10,'2017-11-19 15:50:34','training',5,0,0,NULL),(482,40,232,NULL,'2017-11-19 15:51:26','real',NULL,0,1,'cool,heat,hsv'),(483,40,294,NULL,'2017-11-19 15:51:38','real',NULL,1,1,'hsv'),(484,40,232,NULL,'2017-11-19 15:51:51','real',NULL,0,1,'cool,heat,hsv'),(485,40,253,NULL,'2017-11-19 15:52:06','real',NULL,0,0,'rgb,cool,heat'),(486,40,230,NULL,'2017-11-19 15:52:15','real',NULL,0,0,'hsv'),(487,40,292,NULL,'2017-11-19 15:52:25','real',NULL,1,1,'rgb,cool,heat,hsv'),(488,40,286,NULL,'2017-11-19 15:52:37','real',NULL,1,1,'cool,heat,hsv'),(489,40,230,NULL,'2017-11-19 15:52:48','real',NULL,0,0,'rgb,cool,heat'),(490,40,232,NULL,'2017-11-19 15:53:00','real',NULL,0,1,'rgb,heat,hsv'),(491,40,278,NULL,'2017-11-19 15:53:12','real',NULL,1,1,'cool,heat'),(492,40,292,NULL,'2017-11-19 15:53:22','real',NULL,1,1,'cool,heat,hsv'),(493,40,276,NULL,'2017-11-19 15:53:33','real',NULL,1,1,'hsv'),(494,40,259,NULL,'2017-11-19 15:53:41','real',NULL,0,0,'rgb,heat'),(495,40,251,NULL,'2017-11-19 15:54:06','real',NULL,0,0,'rgb'),(496,40,261,NULL,'2017-11-19 15:54:23','real',NULL,0,1,'cool'),(497,40,238,NULL,'2017-11-19 15:54:35','real',NULL,0,1,'hsv'),(498,40,266,NULL,'2017-11-19 15:54:42','real',NULL,0,1,'cool'),(499,41,293,10,'2017-11-19 16:03:14','training',1,1,1,NULL),(500,41,241,0,'2017-11-19 16:03:38','training',2,0,2,NULL),(501,41,298,10,'2017-11-19 16:03:54','training',3,1,1,NULL),(502,41,284,0,'2017-11-19 16:04:09','training',4,1,0,NULL),(503,41,268,0,'2017-11-19 16:04:28','training',5,0,1,NULL),(504,42,293,10,'2017-11-19 16:10:07','training',1,1,1,NULL),(505,42,241,0,'2017-11-19 16:10:27','training',2,0,2,NULL),(506,42,298,10,'2017-11-19 16:10:35','training',3,1,1,NULL),(507,42,284,10,'2017-11-19 16:10:43','training',4,1,1,NULL),(508,42,268,10,'2017-11-19 16:10:54','training',5,0,0,NULL),(509,42,287,NULL,'2017-11-19 16:12:15','real',NULL,1,1,'rgb,cool,heat,hsv'),(510,42,233,NULL,'2017-11-19 16:12:29','real',NULL,0,0,'cool'),(511,42,293,NULL,'2017-11-19 16:12:36','real',NULL,1,1,'rgb,cool,heat,hsv'),(512,42,264,NULL,'2017-11-19 16:12:53','real',NULL,0,0,'rgb,cool,heat,hsv'),(513,42,295,NULL,'2017-11-19 16:13:01','real',NULL,1,1,'rgb,cool,heat,hsv'),(514,42,255,NULL,'2017-11-19 16:13:10','real',NULL,0,0,'rgb,cool,heat,hsv'),(515,42,244,NULL,'2017-11-19 16:13:20','real',NULL,0,0,'rgb,cool,heat,hsv'),(516,42,267,NULL,'2017-11-19 16:13:34','real',NULL,0,0,'rgb,cool,heat,hsv'),(517,42,280,NULL,'2017-11-19 16:13:40','real',NULL,1,1,'rgb,cool,heat,hsv'),(518,42,289,NULL,'2017-11-19 16:13:49','real',NULL,1,1,'rgb,cool,heat,hsv'),(519,42,279,NULL,'2017-11-19 16:13:55','real',NULL,1,1,'rgb,cool,heat,hsv'),(520,42,300,NULL,'2017-11-19 16:14:10','real',NULL,1,1,'rgb,cool,heat'),(521,42,231,NULL,'2017-11-19 16:14:38','real',NULL,0,0,'rgb'),(522,42,274,NULL,'2017-11-19 16:14:45','real',NULL,1,1,'rgb,cool,heat,hsv'),(523,42,257,NULL,'2017-11-19 16:14:53','real',NULL,0,0,'rgb,cool,heat,hsv'),(524,42,277,NULL,'2017-11-19 16:15:01','real',NULL,1,1,'cool,heat,hsv'),(525,42,297,NULL,'2017-11-19 16:15:09','real',NULL,1,1,'rgb,cool,heat,hsv'),(526,42,251,NULL,'2017-11-19 16:15:17','real',NULL,0,0,'rgb,cool,heat,hsv'),(527,42,254,NULL,'2017-11-19 16:15:24','real',NULL,0,0,'rgb,cool,heat,hsv'),(528,42,234,NULL,'2017-11-19 16:15:32','real',NULL,0,0,'rgb,cool,heat,hsv'),(529,42,252,NULL,'2017-11-19 16:15:39','real',NULL,0,0,'rgb,cool,heat,hsv'),(530,43,293,10,'2017-11-19 16:21:06','training',1,1,1,NULL),(531,43,241,10,'2017-11-19 16:21:23','training',2,0,0,NULL),(532,43,298,10,'2017-11-19 16:21:32','training',3,1,1,NULL),(533,43,284,10,'2017-11-19 16:22:03','training',4,1,2,NULL),(534,43,268,10,'2017-11-19 16:22:10','training',5,0,0,NULL),(535,43,295,NULL,'2017-11-19 16:23:11','real',NULL,1,1,'rgb,heat,hsv'),(536,43,265,NULL,'2017-11-19 16:23:41','real',NULL,0,2,NULL),(537,43,294,NULL,'2017-11-19 16:24:15','real',NULL,1,0,'rgb,cool,heat,hsv'),(538,43,277,NULL,'2017-11-19 16:24:26','real',NULL,1,1,'cool,heat,hsv'),(539,43,231,NULL,'2017-11-19 16:24:40','real',NULL,0,2,NULL),(540,43,272,NULL,'2017-11-19 16:24:54','real',NULL,0,0,'rgb,cool,heat,hsv'),(541,43,289,NULL,'2017-11-19 16:25:22','real',NULL,1,1,'rgb,cool,heat'),(542,43,297,NULL,'2017-11-19 16:25:38','real',NULL,1,1,'rgb,cool,heat,hsv'),(543,43,244,NULL,'2017-11-19 16:25:51','real',NULL,0,0,'rgb,cool,heat,hsv'),(544,43,298,NULL,'2017-11-19 16:26:02','real',NULL,1,1,'cool,heat,hsv'),(545,43,300,NULL,'2017-11-19 16:26:17','real',NULL,1,1,'rgb'),(546,43,234,NULL,'2017-11-19 16:26:28','real',NULL,0,0,'rgb,cool,heat,hsv'),(547,43,292,NULL,'2017-11-19 16:26:40','real',NULL,1,1,'rgb,cool,heat,hsv'),(548,44,293,10,'2017-11-19 16:38:09','training',1,1,1,NULL),(549,44,241,10,'2017-11-19 16:38:17','training',2,0,0,NULL),(550,44,298,10,'2017-11-19 16:38:30','training',3,1,1,NULL),(551,44,284,10,'2017-11-19 16:38:38','training',4,1,1,NULL),(552,44,268,10,'2017-11-19 16:38:58','training',5,0,0,NULL),(553,44,244,NULL,'2017-11-19 16:39:51','real',NULL,0,1,'cool,heat,hsv'),(554,44,250,NULL,'2017-11-19 16:40:07','real',NULL,0,0,'rgb,cool,heat,hsv'),(555,44,234,NULL,'2017-11-19 16:40:39','real',NULL,0,0,'rgb,cool,heat,hsv'),(556,44,254,NULL,'2017-11-19 16:40:49','real',NULL,0,1,'cool,heat,hsv'),(557,44,287,NULL,'2017-11-19 16:40:57','real',NULL,1,1,'rgb,cool,heat,hsv'),(558,44,302,NULL,'2017-11-19 16:41:04','real',NULL,1,1,'rgb'),(559,44,266,NULL,'2017-11-19 16:41:11','real',NULL,0,1,'cool'),(560,44,262,NULL,'2017-11-19 16:41:19','real',NULL,0,0,'cool'),(561,44,231,NULL,'2017-11-19 16:41:30','real',NULL,0,0,'rgb'),(562,44,255,NULL,'2017-11-19 16:41:38','real',NULL,0,0,'rgb'),(563,45,293,10,'2017-11-19 16:48:46','training',1,1,1,NULL),(564,45,241,0,'2017-11-19 16:48:53','training',2,0,2,NULL),(565,45,298,10,'2017-11-19 16:49:05','training',3,1,1,NULL),(566,45,284,0,'2017-11-19 16:49:14','training',4,1,0,NULL),(567,45,268,10,'2017-11-19 16:49:22','training',5,0,0,NULL),(568,45,298,NULL,'2017-11-19 16:50:12','real',NULL,1,1,'hsv'),(569,45,248,NULL,'2017-11-19 16:50:24','real',NULL,0,2,NULL),(570,45,257,NULL,'2017-11-19 16:50:36','real',NULL,0,0,'cool,heat'),(571,45,265,NULL,'2017-11-19 16:50:47','real',NULL,0,1,'rgb,cool,heat,hsv'),(572,45,241,NULL,'2017-11-19 16:50:54','real',NULL,0,1,'rgb'),(573,45,290,NULL,'2017-11-19 16:51:02','real',NULL,1,1,'cool'),(574,45,242,NULL,'2017-11-19 16:51:13','real',NULL,0,0,'heat'),(575,45,276,NULL,'2017-11-19 16:51:23','real',NULL,1,1,'rgb,cool,heat,hsv'),(576,45,280,NULL,'2017-11-19 16:51:32','real',NULL,1,1,'cool'),(577,45,256,NULL,'2017-11-19 16:51:43','real',NULL,0,0,'cool,heat,hsv'),(578,46,293,10,'2017-11-19 17:01:51','training',1,1,1,NULL),(579,46,241,10,'2017-11-19 17:01:59','training',2,0,0,NULL),(580,46,298,10,'2017-11-19 17:02:13','training',3,1,1,NULL),(581,46,284,10,'2017-11-19 17:02:20','training',4,1,1,NULL),(582,46,268,10,'2017-11-19 17:02:28','training',5,0,0,NULL),(583,47,293,10,'2017-11-19 17:03:06','training',1,1,1,NULL),(584,47,241,10,'2017-11-19 17:03:09','training',2,0,0,NULL),(585,47,298,10,'2017-11-19 17:03:11','training',3,1,1,NULL),(586,47,284,10,'2017-11-19 17:03:14','training',4,1,1,NULL),(587,47,268,10,'2017-11-19 17:03:21','training',5,0,0,NULL),(588,47,268,NULL,'2017-11-19 17:04:10','real',NULL,0,0,'rgb'),(589,47,274,NULL,'2017-11-19 17:04:18','real',NULL,1,1,'hsv'),(590,47,288,NULL,'2017-11-19 17:04:30','real',NULL,1,0,'cool'),(591,47,261,NULL,'2017-11-19 17:04:37','real',NULL,0,0,'rgb'),(592,47,254,NULL,'2017-11-19 17:04:46','real',NULL,0,0,'hsv'),(593,47,302,NULL,'2017-11-19 17:04:52','real',NULL,1,1,'rgb'),(594,47,237,NULL,'2017-11-19 17:04:57','real',NULL,0,0,'hsv'),(595,47,266,NULL,'2017-11-19 17:05:03','real',NULL,0,0,'rgb'),(596,47,266,NULL,'2017-11-19 17:05:08','real',NULL,0,0,'rgb'),(597,47,235,NULL,'2017-11-19 17:05:16','real',NULL,0,1,'hsv'),(598,47,282,NULL,'2017-11-19 17:05:21','real',NULL,1,1,'rgb'),(599,47,253,NULL,'2017-11-19 17:05:30','real',NULL,0,0,'hsv'),(600,47,254,NULL,'2017-11-19 17:05:40','real',NULL,0,0,'cool'),(601,47,242,NULL,'2017-11-19 17:06:00','real',NULL,0,0,'hsv'),(602,47,242,NULL,'2017-11-19 17:06:05','real',NULL,0,1,'hsv'),(603,47,294,NULL,'2017-11-19 17:06:13','real',NULL,1,1,'rgb'),(604,47,261,NULL,'2017-11-19 17:06:25','real',NULL,0,0,'rgb'),(605,48,293,10,'2017-11-19 17:15:18','training',1,1,1,NULL),(606,48,241,10,'2017-11-19 17:15:30','training',2,0,0,NULL),(607,48,298,10,'2017-11-19 17:15:46','training',3,1,1,NULL),(608,48,284,10,'2017-11-19 17:15:54','training',4,1,1,NULL),(609,48,268,10,'2017-11-19 17:16:03','training',5,0,0,NULL),(610,49,293,10,'2017-11-19 17:25:04','training',1,1,1,NULL),(611,49,241,10,'2017-11-19 17:25:11','training',2,0,0,NULL),(612,49,298,10,'2017-11-19 17:25:16','training',3,1,1,NULL),(613,49,284,10,'2017-11-19 17:25:22','training',4,1,1,NULL),(614,49,268,10,'2017-11-19 17:25:30','training',5,0,0,NULL),(615,49,236,NULL,'2017-11-19 17:26:01','real',NULL,0,1,'cool,heat,hsv'),(616,49,252,NULL,'2017-11-19 17:26:11','real',NULL,0,0,'cool,heat,hsv'),(617,49,257,NULL,'2017-11-19 17:26:23','real',NULL,0,0,'rgb,cool,heat'),(618,49,242,NULL,'2017-11-19 17:26:30','real',NULL,0,1,'rgb,hsv'),(619,49,233,NULL,'2017-11-19 17:26:38','real',NULL,0,1,'rgb,hsv'),(620,49,260,NULL,'2017-11-19 17:26:46','real',NULL,0,0,'cool,heat,hsv'),(621,49,302,NULL,'2017-11-19 17:26:56','real',NULL,1,1,'rgb,cool,heat,hsv'),(622,49,274,NULL,'2017-11-19 17:27:04','real',NULL,1,1,'rgb,cool,heat,hsv'),(623,49,288,NULL,'2017-11-19 17:27:10','real',NULL,1,0,'rgb,cool,heat,hsv'),(624,49,229,NULL,'2017-11-19 17:27:20','real',NULL,0,0,'rgb,cool,heat'),(625,49,284,NULL,'2017-11-19 17:27:29','real',NULL,1,1,'rgb,hsv'),(626,49,274,NULL,'2017-11-19 17:27:36','real',NULL,1,1,'rgb,hsv'),(627,49,259,NULL,'2017-11-19 17:27:42','real',NULL,0,0,'rgb,hsv'),(628,49,232,NULL,'2017-11-19 17:27:50','real',NULL,0,0,'hsv'),(629,49,251,NULL,'2017-11-19 17:27:55','real',NULL,0,0,'rgb'),(630,49,301,NULL,'2017-11-19 17:28:00','real',NULL,1,1,'rgb'),(631,49,297,NULL,'2017-11-19 17:28:07','real',NULL,1,1,'rgb,cool'),(632,50,293,10,'2017-11-19 17:41:05','training',1,1,1,NULL),(633,50,241,10,'2017-11-19 17:41:11','training',2,0,0,NULL),(634,50,298,10,'2017-11-19 17:41:21','training',3,1,2,NULL),(635,50,284,10,'2017-11-19 17:41:30','training',4,1,1,NULL),(636,50,268,10,'2017-11-19 17:41:41','training',5,0,0,NULL),(637,50,263,NULL,'2017-11-19 17:42:31','real',NULL,0,0,'cool'),(638,50,232,NULL,'2017-11-19 17:42:44','real',NULL,0,0,'rgb'),(639,50,273,NULL,'2017-11-19 17:42:54','real',NULL,1,1,'hsv'),(640,50,265,NULL,'2017-11-19 17:43:05','real',NULL,0,2,NULL),(641,50,289,NULL,'2017-11-19 17:43:17','real',NULL,1,1,'hsv'),(642,50,302,NULL,'2017-11-19 17:43:23','real',NULL,1,1,'hsv'),(643,50,281,NULL,'2017-11-19 17:43:34','real',NULL,1,1,'hsv'),(644,50,257,NULL,'2017-11-19 17:43:44','real',NULL,0,0,'rgb'),(645,50,300,NULL,'2017-11-19 17:43:52','real',NULL,1,1,'rgb'),(646,50,301,NULL,'2017-11-19 17:44:05','real',NULL,1,1,'hsv'),(647,51,293,0,'2017-11-19 17:47:04','training',1,1,0,NULL),(648,51,241,10,'2017-11-19 17:47:13','training',2,0,0,NULL),(649,51,298,10,'2017-11-19 17:47:22','training',3,1,1,NULL),(650,51,284,10,'2017-11-19 17:47:44','training',4,1,1,NULL),(651,51,268,10,'2017-11-19 17:47:53','training',5,0,0,NULL),(652,51,249,NULL,'2017-11-19 17:48:42','real',NULL,0,1,'hsv'),(653,51,300,NULL,'2017-11-19 17:48:54','real',NULL,1,1,'rgb'),(654,51,280,NULL,'2017-11-19 17:49:01','real',NULL,1,1,'hsv'),(655,51,262,NULL,'2017-11-19 17:49:08','real',NULL,0,0,'rgb'),(656,51,295,NULL,'2017-11-19 17:49:16','real',NULL,1,1,'heat'),(657,51,258,NULL,'2017-11-19 17:49:22','real',NULL,0,0,'rgb'),(658,51,274,NULL,'2017-11-19 17:49:28','real',NULL,1,1,'hsv'),(659,51,302,NULL,'2017-11-19 17:49:35','real',NULL,1,1,'hsv'),(660,51,229,NULL,'2017-11-19 17:49:48','real',NULL,0,0,'hsv'),(661,51,260,NULL,'2017-11-19 17:49:55','real',NULL,0,0,'rgb'),(662,51,262,NULL,'2017-11-19 17:50:01','real',NULL,0,0,'rgb'),(663,51,275,NULL,'2017-11-19 17:50:07','real',NULL,1,1,'hsv'),(664,51,235,NULL,'2017-11-19 17:50:21','real',NULL,0,1,'hsv'),(665,51,253,NULL,'2017-11-19 17:50:27','real',NULL,0,0,'cool'),(666,52,293,10,'2017-11-19 17:59:45','training',1,1,1,NULL),(667,52,241,10,'2017-11-19 17:59:59','training',2,0,0,NULL),(668,52,298,10,'2017-11-19 18:00:08','training',3,1,1,NULL),(669,52,284,10,'2017-11-19 18:00:17','training',4,1,1,NULL),(670,52,268,10,'2017-11-19 18:00:25','training',5,0,0,NULL),(671,52,272,NULL,'2017-11-19 18:01:18','real',NULL,0,0,'cool,heat,hsv'),(672,52,243,NULL,'2017-11-19 18:01:31','real',NULL,0,1,'rgb,heat,hsv'),(673,52,284,NULL,'2017-11-19 18:01:42','real',NULL,1,1,'rgb,heat'),(674,52,300,NULL,'2017-11-19 18:01:59','real',NULL,1,1,'rgb'),(675,52,238,NULL,'2017-11-19 18:02:10','real',NULL,0,1,'rgb'),(676,52,288,NULL,'2017-11-19 18:02:18','real',NULL,1,0,'cool'),(677,52,289,NULL,'2017-11-19 18:02:28','real',NULL,1,1,'rgb,cool,heat'),(678,52,252,NULL,'2017-11-19 18:02:40','real',NULL,0,0,'cool,heat,hsv'),(679,52,299,NULL,'2017-11-19 18:02:48','real',NULL,1,1,'rgb'),(680,52,246,NULL,'2017-11-19 18:02:58','real',NULL,0,0,'cool,heat,hsv'),(681,53,293,10,'2017-11-19 18:07:01','training',1,1,2,NULL),(682,53,241,10,'2017-11-19 18:07:16','training',2,0,0,NULL),(683,53,298,10,'2017-11-19 18:07:22','training',3,1,1,NULL),(684,53,284,0,'2017-11-19 18:07:27','training',4,1,0,NULL),(685,53,268,10,'2017-11-19 18:07:34','training',5,0,0,NULL),(686,53,248,NULL,'2017-11-19 18:08:26','real',NULL,0,0,'hsv'),(687,53,251,NULL,'2017-11-19 18:08:36','real',NULL,0,0,'hsv'),(688,53,282,NULL,'2017-11-19 18:08:45','real',NULL,1,1,'hsv'),(689,53,232,NULL,'2017-11-19 18:08:54','real',NULL,0,2,NULL),(690,53,292,NULL,'2017-11-19 18:09:03','real',NULL,1,1,'heat,hsv'),(691,53,258,NULL,'2017-11-19 18:09:15','real',NULL,0,0,'heat'),(692,54,293,10,'2017-11-19 18:22:55','training',1,1,1,NULL),(693,54,241,10,'2017-11-19 18:23:00','training',2,0,0,NULL),(694,54,298,10,'2017-11-19 18:23:04','training',3,1,1,NULL),(695,54,284,10,'2017-11-19 18:23:08','training',4,1,1,NULL),(696,54,268,10,'2017-11-19 18:23:13','training',5,0,0,NULL),(697,54,274,NULL,'2017-11-19 18:24:09','real',NULL,1,1,'hsv'),(698,54,232,NULL,'2017-11-19 18:24:33','real',NULL,0,2,NULL),(699,54,233,NULL,'2017-11-19 18:24:46','real',NULL,0,0,'hsv'),(700,54,297,NULL,'2017-11-19 18:24:55','real',NULL,1,1,'heat'),(701,54,269,NULL,'2017-11-19 18:25:02','real',NULL,0,0,'rgb'),(702,54,288,NULL,'2017-11-19 18:25:12','real',NULL,1,0,'cool'),(703,54,286,NULL,'2017-11-19 18:25:18','real',NULL,1,2,NULL),(704,54,265,NULL,'2017-11-19 18:25:23','real',NULL,0,0,'cool'),(705,55,293,10,'2017-11-19 18:28:14','training',1,1,1,NULL),(706,55,241,10,'2017-11-19 18:28:20','training',2,0,0,NULL),(707,55,298,10,'2017-11-19 18:28:28','training',3,1,1,NULL),(708,55,284,10,'2017-11-19 18:28:36','training',4,1,1,NULL),(709,55,268,10,'2017-11-19 18:28:46','training',5,0,0,NULL),(710,55,256,NULL,'2017-11-19 18:29:36','real',NULL,0,0,'heat'),(711,55,251,NULL,'2017-11-19 18:29:45','real',NULL,0,0,'rgb'),(712,55,267,NULL,'2017-11-19 18:29:57','real',NULL,0,0,'rgb'),(713,55,275,NULL,'2017-11-19 18:30:04','real',NULL,1,1,'rgb'),(714,55,270,NULL,'2017-11-19 18:30:17','real',NULL,0,0,'rgb'),(715,55,242,NULL,'2017-11-19 18:30:41','real',NULL,0,1,'rgb'),(716,55,275,NULL,'2017-11-19 18:30:51','real',NULL,1,1,'rgb,cool,heat'),(717,55,300,NULL,'2017-11-19 18:31:02','real',NULL,1,1,'rgb,cool,heat'),(718,55,230,NULL,'2017-11-19 18:31:11','real',NULL,0,0,'rgb'),(719,55,290,NULL,'2017-11-19 18:31:18','real',NULL,1,1,'rgb,cool,heat'),(720,55,269,NULL,'2017-11-19 18:31:25','real',NULL,0,0,'rgb'),(721,55,233,NULL,'2017-11-19 18:31:36','real',NULL,0,1,'heat'),(722,55,235,NULL,'2017-11-19 18:31:47','real',NULL,0,0,'rgb'),(723,55,281,NULL,'2017-11-19 18:31:56','real',NULL,1,1,'rgb,cool,heat'),(724,55,247,NULL,'2017-11-19 18:32:03','real',NULL,0,0,'heat'),(725,55,265,NULL,'2017-11-19 18:32:11','real',NULL,0,1,'rgb,hsv'),(726,55,238,NULL,'2017-11-19 18:32:20','real',NULL,0,1,'rgb,hsv'),(727,55,301,NULL,'2017-11-19 18:32:27','real',NULL,1,1,'rgb'),(728,55,294,NULL,'2017-11-19 18:32:33','real',NULL,1,1,'rgb'),(729,55,277,NULL,'2017-11-19 18:32:44','real',NULL,1,1,'rgb,hsv'),(730,55,230,NULL,'2017-11-19 18:32:49','real',NULL,0,0,'rgb'),(731,55,287,NULL,'2017-11-19 18:32:56','real',NULL,1,1,'rgb,hsv'),(732,55,294,NULL,'2017-11-19 18:33:03','real',NULL,1,1,'rgb,hsv'),(733,55,276,NULL,'2017-11-19 18:33:09','real',NULL,1,1,'rgb'),(734,55,263,NULL,'2017-11-19 18:33:14','real',NULL,0,0,'rgb'),(735,55,288,NULL,'2017-11-19 18:33:25','real',NULL,1,0,'cool,hsv'),(736,55,252,NULL,'2017-11-19 18:33:31','real',NULL,0,0,'rgb'),(737,55,285,NULL,'2017-11-19 18:33:36','real',NULL,1,1,'rgb,hsv'),(738,55,292,NULL,'2017-11-19 18:33:41','real',NULL,1,1,'rgb'),(739,55,282,NULL,'2017-11-19 18:33:47','real',NULL,1,1,'rgb'),(740,55,242,NULL,'2017-11-19 18:33:52','real',NULL,0,1,'rgb'),(741,55,249,NULL,'2017-11-19 18:33:58','real',NULL,0,1,'rgb,hsv'),(742,55,271,NULL,'2017-11-19 18:34:06','real',NULL,0,1,'rgb,hsv'),(743,55,254,NULL,'2017-11-19 18:34:14','real',NULL,0,0,'heat,hsv'),(744,55,299,NULL,'2017-11-19 18:34:22','real',NULL,1,1,'rgb,hsv'),(745,55,284,NULL,'2017-11-19 18:34:27','real',NULL,1,1,'rgb,hsv'),(746,55,238,NULL,'2017-11-19 18:34:40','real',NULL,0,1,'rgb,hsv'),(747,55,245,NULL,'2017-11-19 18:34:47','real',NULL,0,0,'rgb,hsv'),(748,55,287,NULL,'2017-11-19 18:34:53','real',NULL,1,1,'rgb,hsv'),(749,55,287,NULL,'2017-11-19 18:34:59','real',NULL,1,1,'rgb,hsv'),(750,55,286,NULL,'2017-11-19 18:35:05','real',NULL,1,1,'rgb,hsv'),(751,55,270,NULL,'2017-11-19 18:35:13','real',NULL,0,0,'rgb');
/*!40000 ALTER TABLE `participant_response` ENABLE KEYS */;
UNLOCK TABLES;

--
-- Table structure for table `participant_session`
--

DROP TABLE IF EXISTS `participant_session`;
/*!40101 SET @saved_cs_client     = @@character_set_client */;
/*!40101 SET character_set_client = utf8 */;
CREATE TABLE `participant_session` (
  `id` int(11) NOT NULL AUTO_INCREMENT,
  `participant_id` int(11) NOT NULL,
  `http_session` varchar(1024) NOT NULL,
  `started_at` datetime NOT NULL,
  `ended_at` datetime DEFAULT NULL,
  `total_points` int(11) DEFAULT NULL,
  `gamification_type_id` int(11) NOT NULL,
  `percentile` float DEFAULT NULL,
  `participant_confidence` int(11) DEFAULT NULL,
  `next_session_id` int(11) DEFAULT NULL,
  PRIMARY KEY (`id`),
  KEY `fk_session_participant_participant_idx` (`participant_id`),
  KEY `IDX_4A491ADC6A33B9B3` (`gamification_type_id`),
  KEY `fk_participant_session_participant_session_idx` (`next_session_id`),
  CONSTRAINT `FK_4A491ADC6A33B9B3` FOREIGN KEY (`gamification_type_id`) REFERENCES `gamification_type` (`id`),
  CONSTRAINT `fk_participant_session_participant` FOREIGN KEY (`participant_id`) REFERENCES `participant` (`id`) ON DELETE NO ACTION ON UPDATE NO ACTION,
  CONSTRAINT `fk_participant_session_participant_session` FOREIGN KEY (`next_session_id`) REFERENCES `participant_session` (`id`) ON DELETE NO ACTION ON UPDATE NO ACTION
) ENGINE=InnoDB AUTO_INCREMENT=56 DEFAULT CHARSET=big5;
/*!40101 SET character_set_client = @saved_cs_client */;

--
-- Dumping data for table `participant_session`
--

LOCK TABLES `participant_session` WRITE;
/*!40000 ALTER TABLE `participant_session` DISABLE KEYS */;
INSERT INTO `participant_session` VALUES (1,1,'am5vbm67lljusvo43h88hh15u4','2017-11-18 11:45:11','2017-11-18 11:46:14',40,1,100,7,NULL),(2,2,'bqscbneheihfcmi0kv7ndd7kb4','2017-11-18 12:07:52','2017-11-18 12:11:39',50,4,100,1,NULL),(3,3,'4ehdi09jk727jq4l93aqkiokj2','2017-11-18 12:36:13','2017-11-18 12:43:48',50,1,100,3,NULL),(4,4,'ut4b7jd3i472t79q1b9us5uas2','2017-11-18 13:14:25','2017-11-18 13:17:55',50,4,100,1,NULL),(5,5,'7lquhuqv6eig0hldigrqn8m8i0','2017-11-18 13:25:41','2017-11-18 13:31:07',50,4,100,8,NULL),(6,6,'namcjh8tlbov16dai1s4m0npb4','2017-11-18 13:32:42','2017-11-18 13:41:41',50,1,100,10,NULL),(7,7,'j4c8g2ov227f6gvk1r34hr07s5','2017-11-18 13:46:10','2017-11-18 13:51:15',50,4,100,5,NULL),(8,8,'9bbujde311fq2q74h6o7c75j61','2017-11-18 13:59:28',NULL,0,1,NULL,NULL,NULL),(9,9,'l2t9ljcmnud821udlbjsnvh312','2017-11-18 14:02:37','2017-11-18 14:07:30',50,4,100,6,NULL),(10,10,'0dcikps9b8c4l3t2mk9bg2nh03','2017-11-18 14:08:02','2017-11-18 14:28:04',50,1,100,8,NULL),(11,11,'56a9jtlr2hbhqje0rpolq9rpj5','2017-11-18 14:34:33','2017-11-18 14:43:28',50,4,100,5,NULL),(12,12,'ainffg29fne7la2kj0aa2dres6','2017-11-18 14:46:01','2017-11-18 14:48:33',40,1,25,6,NULL),(13,13,'ikv8ce4i3mmjufl1k7gjclhjt5','2017-11-18 14:55:36','2017-11-18 15:00:14',50,1,100,9,NULL),(14,14,'d7p8hacdtvbksqcfcdi479dit7','2017-11-18 15:16:55','2017-11-18 15:22:20',40,4,28.5714,8,NULL),(15,15,'7cchqgo0q9d6167tb6jk3a1if6','2017-11-18 15:23:42','2017-11-18 15:27:38',50,4,100,5,NULL),(16,16,'5q1p8hh0snnuc4st7mi54dvba0','2017-11-18 15:31:42','2017-11-18 15:35:53',40,1,31.25,6,NULL),(17,17,'mimjht27qhpcr1brcdo67h6gg1','2017-11-18 15:39:45','2017-11-18 15:47:00',40,4,35.2941,8,NULL),(18,18,'6o024srmcam66evfph4tk0app2','2017-11-18 16:10:41','2017-11-18 16:14:02',50,1,100,8,NULL),(19,19,'tp88i24rb3pav478501fad8121','2017-11-18 16:15:34','2017-11-18 16:28:13',50,4,100,9,NULL),(20,20,'7f7on1kp64o3mg2g2s3rburep0','2017-11-18 16:35:04','2017-11-18 16:38:59',40,1,35,8,NULL),(21,21,'15q7psfq8lr271490sg0gnric3','2017-11-18 16:40:18','2017-11-18 16:49:02',40,4,38.0952,8,NULL),(22,22,'m3f9r6tusva4koopkqe5th82v6','2017-11-18 17:10:26','2017-11-18 17:16:05',40,1,40.9091,8,NULL),(23,23,'erteugipiafnfpknmj66hp56k6','2017-11-18 17:41:09','2017-11-18 17:53:48',40,1,43.4783,10,NULL),(24,24,'ksjt4ikuao1tph6ebjk7pboj40','2017-11-18 18:04:57','2017-11-18 18:21:40',40,4,45.8333,5,NULL),(25,25,'bqnchpb384vs9st16ma4009sp4','2017-11-18 18:38:15','2017-11-18 18:42:26',50,4,100,10,NULL),(26,26,'8hp3osur57ciu8oqshdi72u3a1','2017-11-18 18:58:29','2017-11-18 19:02:06',50,1,100,1,NULL),(27,27,'hv8ru5v7ttaete9cbrhuf3hlp2','2017-11-18 19:19:31','2017-11-18 19:22:06',50,1,100,10,NULL),(28,28,'jidmtgq771l935a2n7nacsmra2','2017-11-19 12:27:55',NULL,0,4,NULL,NULL,NULL),(29,29,'mr37fonga2muu82oqf6t4gakj3','2017-11-19 12:51:12','2017-11-19 12:52:09',20,1,10.3448,1,NULL),(30,30,'mghpdp9f975s9558pd8hfeq5i1','2017-11-19 13:00:14','2017-11-19 13:06:11',50,4,100,7,NULL),(31,31,'jk8mcrjo55c20v7gs5r4nfd8j5','2017-11-19 13:17:24','2017-11-19 13:23:00',30,4,12.9032,8,NULL),(32,32,'n8ikq6rdmofidu3jhnvpluh8l4','2017-11-19 13:42:54','2017-11-19 13:48:03',40,1,46.875,7,NULL),(33,33,'u6pi7viu0fhi53888jhifkp4l4','2017-11-19 14:00:24','2017-11-19 14:10:37',50,4,100,9,NULL),(34,34,'1cvvfhlajajtc302qm3mmojml0','2017-11-19 14:18:03','2017-11-19 14:21:24',40,1,47.0588,5,NULL),(35,35,'ni6di804n8rs464c51hubi9co0','2017-11-19 14:28:44','2017-11-19 14:39:50',50,1,100,9,NULL),(36,36,'ji39bi1ei00944jvrg2l90ahj7','2017-11-19 14:59:49','2017-11-19 15:04:17',30,4,13.8889,10,NULL),(37,37,'7edhkt4ei897721dmb0lcv5ke3','2017-11-19 15:10:10','2017-11-19 15:14:36',50,1,100,10,NULL),(38,38,'sppkocfg7lnfq7nmo8dijat8g4','2017-11-19 15:21:07','2017-11-19 15:24:54',50,4,100,10,NULL),(39,39,'6akej4ukj8t0onhphoqrbr8if6','2017-11-19 15:37:07','2017-11-19 15:43:09',40,1,46.1538,8,NULL),(40,40,'lot4mbo9pvk67cut0qs9lncbt0','2017-11-19 15:46:24','2017-11-19 15:55:03',50,4,100,10,NULL),(41,41,'b3sp7npb1stt1o6l3ka3lfe196','2017-11-19 15:58:45','2017-11-19 16:04:58',20,4,9.7561,5,NULL),(42,42,'of69bge5druo6e099366bo1pp0','2017-11-19 16:08:27','2017-11-19 16:15:46',40,1,47.619,9,NULL),(43,43,'dd9jspl7b105t7u5s09ln32as6','2017-11-19 16:18:07','2017-11-19 16:26:42',50,1,100,10,NULL),(44,44,'8t40gbgk43l9ubj45ku0l9kfs0','2017-11-19 16:36:54','2017-11-19 16:41:39',50,4,100,7,NULL),(45,45,'os966n0dojuevu7o476192vq23','2017-11-19 16:47:15','2017-11-19 16:51:46',30,4,15.5556,2,NULL),(46,46,'7j20tskoblajdeov4ot2b46sr1','2017-11-19 17:00:12',NULL,50,1,100,1,47),(47,46,'7j20tskoblajdeov4ot2b46sr1','2017-11-19 17:03:00','2017-11-19 17:06:35',50,1,100,10,NULL),(48,47,'e977ieqgv19plmdmdf117coe51','2017-11-19 17:11:54','2017-11-19 17:16:50',50,4,100,10,NULL),(49,48,'lfo4ro4dkuc0as3bmr0ppe8ur4','2017-11-19 17:23:47','2017-11-19 17:28:10',50,1,100,8,NULL),(50,49,'u8b48t5mitgp879mdqjh4d3no1','2017-11-19 17:39:19','2017-11-19 17:44:09',50,4,100,1,NULL),(51,50,'qpmjon7bfebsc44e22a9ipmcp5','2017-11-19 17:44:50','2017-11-19 17:50:31',40,1,43.1373,8,NULL),(52,51,'5hfccq2sqj3htktitu2chjgma6','2017-11-19 17:58:04','2017-11-19 18:03:08',50,4,100,8,NULL),(53,52,'ndejjjo8ca7b5j1igd7i7a7p96','2017-11-19 18:04:43','2017-11-19 18:09:22',40,4,43.3962,6,NULL),(54,53,'ghevpqvo6n27p0o3ftgtma4hj2','2017-11-19 18:21:11','2017-11-19 18:25:25',50,1,100,7,NULL),(55,54,'1pbabmfbungifto23cjo3h97e3','2017-11-19 18:26:12','2017-11-19 18:35:15',50,4,100,5,NULL);
/*!40000 ALTER TABLE `participant_session` ENABLE KEYS */;
UNLOCK TABLES;

--
-- Table structure for table `training_task`
--

DROP TABLE IF EXISTS `training_task`;
/*!40101 SET @saved_cs_client     = @@character_set_client */;
/*!40101 SET character_set_client = utf8 */;
CREATE TABLE `training_task` (
  `id` int(11) NOT NULL AUTO_INCREMENT,
  `training_step` int(11) NOT NULL,
  `help_text` text,
  `image_served_id` int(11) DEFAULT NULL,
  PRIMARY KEY (`id`),
  KEY `fk_training_task_image1_idx` (`image_served_id`),
  CONSTRAINT `fk_training_task_image1` FOREIGN KEY (`image_served_id`) REFERENCES `image` (`id`) ON DELETE NO ACTION ON UPDATE NO ACTION
) ENGINE=InnoDB AUTO_INCREMENT=6 DEFAULT CHARSET=big5;
/*!40101 SET character_set_client = @saved_cs_client */;

--
-- Dumping data for table `training_task`
--

LOCK TABLES `training_task` WRITE;
/*!40000 ALTER TABLE `training_task` DISABLE KEYS */;
INSERT INTO `training_task` VALUES (1,1,'En la imagen hay un arco!',293),(2,2,'No hay un arco en la imagen.\n',241),(3,3,'En la imagen hay un arco!',298),(4,4,'En la imagen hay un arco!',284),(5,5,'No hay un arco en la imagen.',268);
/*!40000 ALTER TABLE `training_task` ENABLE KEYS */;
UNLOCK TABLES;
/*!40103 SET TIME_ZONE=@OLD_TIME_ZONE */;

/*!40101 SET SQL_MODE=@OLD_SQL_MODE */;
/*!40014 SET FOREIGN_KEY_CHECKS=@OLD_FOREIGN_KEY_CHECKS */;
/*!40014 SET UNIQUE_CHECKS=@OLD_UNIQUE_CHECKS */;
/*!40101 SET CHARACTER_SET_CLIENT=@OLD_CHARACTER_SET_CLIENT */;
/*!40101 SET CHARACTER_SET_RESULTS=@OLD_CHARACTER_SET_RESULTS */;
/*!40101 SET COLLATION_CONNECTION=@OLD_COLLATION_CONNECTION */;
/*!40111 SET SQL_NOTES=@OLD_SQL_NOTES */;

-- Dump completed on 2018-05-02 22:37:33
